name,interval,bin,code,lim_inf,lim_sup,mesh,id,cells_state,cells_mun,cells_ageb
Población de 0 a 4 años,5.2%:7.4%,1,P_0A4,0.05210715722049993,0.07376998458042526,state,nextval('covariable_id_seq'),"{09,02,06,17}",,
Población de 0 a 4 años,7.4%:7.6%,2,P_0A4,0.0741449450564377,0.07582668432649776,state,nextval('covariable_id_seq'),"{26,30,15,31}",,
Población de 0 a 4 años,7.7%:7.8%,3,P_0A4,0.07691620827528145,0.07784505550568446,state,nextval('covariable_id_seq'),"{28,13,08}",,
Población de 0 a 4 años,7.8%:7.9%,4,P_0A4,0.07804441642938106,0.07864354072527653,state,nextval('covariable_id_seq'),"{25,03,19}",,
Población de 0 a 4 años,7.9%:8.0%,5,P_0A4,0.07933106097741704,0.0803750435276027,state,nextval('covariable_id_seq'),"{22,23,14}",,
Población de 0 a 4 años,8.2%:8.4%,6,P_0A4,0.08182499455222862,0.08385648699751347,state,nextval('covariable_id_seq'),"{24,29,18}",,
Población de 0 a 4 años,8.5%:8.7%,7,P_0A4,0.08502600814552067,0.08708618374753276,state,nextval('covariable_id_seq'),"{04,27,20}",,
Población de 0 a 4 años,8.7%:8.8%,8,P_0A4,0.08728211912539711,0.08791653641240732,state,nextval('covariable_id_seq'),"{01,11,21}",,
Población de 0 a 4 años,8.9%:9.1%,9,P_0A4,0.08895213537940956,0.09145226857283169,state,nextval('covariable_id_seq'),"{05,16,10}",,
Población de 0 a 4 años,9.4%:10.4%,10,P_0A4,0.09354629507477169,0.10356598364884337,state,nextval('covariable_id_seq'),"{32,12,07}",,
Población femenina de 0 a 4 años,2.6%:3.6%,1,P_0A4_F,0.02573598710263602,0.03639780473949034,state,nextval('covariable_id_seq'),"{09,02,06,17}",,
Población femenina de 0 a 4 años,3.7%:3.7%,2,P_0A4_F,0.03658636801999429,0.037335117700131586,state,nextval('covariable_id_seq'),"{26,30,15,31}",,
Población femenina de 0 a 4 años,3.8%:3.8%,3,P_0A4_F,0.038031201323228646,0.03838559232862991,state,nextval('covariable_id_seq'),"{28,13,25}",,
Población femenina de 0 a 4 años,3.8%:3.9%,4,P_0A4_F,0.03839685461997734,0.038915075991772415,state,nextval('covariable_id_seq'),"{08,03,19}",,
Población femenina de 0 a 4 años,3.9%:4.0%,5,P_0A4_F,0.03906005699723087,0.03975263504457454,state,nextval('covariable_id_seq'),"{23,22,14}",,
Población femenina de 0 a 4 años,4.1%:4.1%,6,P_0A4_F,0.04060582760948249,0.04127949518234563,state,nextval('covariable_id_seq'),"{24,29,18}",,
Población femenina de 0 a 4 años,4.2%:4.3%,7,P_0A4_F,0.04213653495453826,0.04310584894715023,state,nextval('covariable_id_seq'),"{04,27,01}",,
Población femenina de 0 a 4 años,4.3%:4.4%,8,P_0A4_F,0.043149642918182685,0.04352132782483134,state,nextval('covariable_id_seq'),"{11,20,21}",,
Población femenina de 0 a 4 años,4.4%:4.5%,9,P_0A4_F,0.043886256737461986,0.04502714648187051,state,nextval('covariable_id_seq'),"{05,16,10}",,
Población femenina de 0 a 4 años,4.6%:5.1%,10,P_0A4_F,0.046347474752456326,0.05145199309935301,state,nextval('covariable_id_seq'),"{32,12,07}",,
Población masculina de 0 a 4 años,2.6%:3.7%,1,P_0A4_M,0.02637117011786391,0.03737217984093491,state,nextval('covariable_id_seq'),"{09,02,06,17}",,
Población masculina de 0 a 4 años,3.8%:3.8%,2,P_0A4_M,0.03755857703644341,0.03849156662636617,state,nextval('covariable_id_seq'),"{26,30,15,31}",,
Población masculina de 0 a 4 años,3.9%:3.9%,3,P_0A4_M,0.038885006952052804,0.039425284333211845,state,nextval('covariable_id_seq'),"{28,13,03}",,
Población masculina de 0 a 4 años,3.9%:4.0%,4,P_0A4_M,0.039448200885707115,0.03972846473350412,state,nextval('covariable_id_seq'),"{08,25,19}",,
Población masculina de 0 a 4 años,4.0%:4.1%,5,P_0A4_M,0.03990893687773568,0.04062240848302816,state,nextval('covariable_id_seq'),"{22,23,14}",,
Población masculina de 0 a 4 años,4.1%:4.3%,6,P_0A4_M,0.04121916694274614,0.04257699181516784,state,nextval('covariable_id_seq'),"{24,29,18}",,
Población masculina de 0 a 4 años,4.3%:4.4%,7,P_0A4_M,0.04288947319098241,0.04387621159745488,state,nextval('covariable_id_seq'),"{04,27,20}",,
Población masculina de 0 a 4 años,4.4%:4.4%,8,P_0A4_M,0.04417627017824688,0.04439520858757598,state,nextval('covariable_id_seq'),"{01,11,21}",,
Población masculina de 0 a 4 años,4.5%:4.6%,9,P_0A4_M,0.04506587864194757,0.046425122090961175,state,nextval('covariable_id_seq'),"{05,16,10}",,
Población masculina de 0 a 4 años,4.7%:5.2%,10,P_0A4_M,0.047198820322315364,0.052113990549490355,state,nextval('covariable_id_seq'),"{32,12,07}",,
Población de 5 a 9 años,6.1%:8.0%,1,P_5A9,0.0612280595842928,0.08019395940709156,state,nextval('covariable_id_seq'),"{09,02,19,31}",,
Población de 5 a 9 años,8.1%:8.3%,2,P_5A9,0.08061546421035547,0.08275544005949237,state,nextval('covariable_id_seq'),"{17,15,06,25}",,
Población de 5 a 9 años,8.3%:8.4%,3,P_5A9,0.0831630755252237,0.08363253739938697,state,nextval('covariable_id_seq'),"{22,28,23}",,
Población de 5 a 9 años,8.4%:8.4%,4,P_5A9,0.083742683327506,0.08382898301327452,state,nextval('covariable_id_seq'),"{30,26,03}",,
Población de 5 a 9 años,8.5%:8.6%,5,P_5A9,0.0848030756822326,0.08601904781070682,state,nextval('covariable_id_seq'),"{08,24,14}",,
Población de 5 a 9 años,8.7%:8.8%,6,P_5A9,0.08743655608576634,0.08778014034068574,state,nextval('covariable_id_seq'),"{13,29,05}",,
Población de 5 a 9 años,8.8%:9.1%,7,P_5A9,0.08834367591125454,0.09091975152803816,state,nextval('covariable_id_seq'),"{04,11,21}",,
Población de 5 a 9 años,9.2%:9.3%,8,P_5A9,0.09192435222329856,0.09299480336907114,state,nextval('covariable_id_seq'),"{01,18,16}",,
Población de 5 a 9 años,9.3%:9.6%,9,P_5A9,0.0932565497848579,0.0959869012377492,state,nextval('covariable_id_seq'),"{27,20,32}",,
Población de 5 a 9 años,9.6%:11.1%,10,P_5A9,0.09605380187160668,0.1105358968568289,state,nextval('covariable_id_seq'),"{10,12,07}",,
Población femenina de 5 a 9 años,3.0%:4.0%,1,P_5A9_F,0.030144265806610768,0.039714534978087974,state,nextval('covariable_id_seq'),"{09,02,19,17}",,
Población femenina de 5 a 9 años,4.0%:4.1%,2,P_5A9_F,0.03973461996175618,0.04053099116831734,state,nextval('covariable_id_seq'),"{31,15,06,25}",,
Población femenina de 5 a 9 años,4.1%:4.1%,3,P_5A9_F,0.04095940538753548,0.04126166447073525,state,nextval('covariable_id_seq'),"{22,28,26}",,
Población femenina de 5 a 9 años,4.1%:4.1%,4,P_5A9_F,0.04128294432835945,0.04131734109801748,state,nextval('covariable_id_seq'),"{30,03,23}",,
Población femenina de 5 a 9 años,4.2%:4.2%,5,P_5A9_F,0.041727810353596025,0.0424323811987223,state,nextval('covariable_id_seq'),"{08,14,24}",,
Población femenina de 5 a 9 años,4.3%:4.3%,6,P_5A9_F,0.04315757327114048,0.04331264570569809,state,nextval('covariable_id_seq'),"{05,29,13}",,
Población femenina de 5 a 9 años,4.4%:4.5%,7,P_5A9_F,0.043507765820050996,0.04501739103224867,state,nextval('covariable_id_seq'),"{04,11,21}",,
Población femenina de 5 a 9 años,4.5%:4.6%,8,P_5A9_F,0.045280447057604645,0.04593028047138972,state,nextval('covariable_id_seq'),"{18,01,27}",,
Población femenina de 5 a 9 años,4.6%:4.7%,9,P_5A9_F,0.045955585841275966,0.047044989496084905,state,nextval('covariable_id_seq'),"{16,20,10}",,
Población femenina de 5 a 9 años,4.8%:5.5%,10,P_5A9_F,0.04763034957568345,0.05484188903407537,state,nextval('covariable_id_seq'),"{32,12,07}",,
Población masculina de 5 a 9 años,3.1%:4.1%,1,P_5A9_M,0.031083793777682035,0.04074360154358882,state,nextval('covariable_id_seq'),"{09,31,02,19}",,
Población masculina de 5 a 9 años,4.1%:4.2%,2,P_5A9_M,0.04090092923226749,0.04220367013768822,state,nextval('covariable_id_seq'),"{17,15,06,22}",,
Población masculina de 5 a 9 años,4.2%:4.2%,3,P_5A9_M,0.04222444889117502,0.0423260250557369,state,nextval('covariable_id_seq'),"{25,23,28}",,
Población masculina de 5 a 9 años,4.2%:4.3%,4,P_5A9_M,0.042459738999146554,0.04253507120698055,state,nextval('covariable_id_seq'),"{30,26,03}",,
Población masculina de 5 a 9 años,4.3%:4.4%,5,P_5A9_M,0.04307526532863657,0.043591808533410575,state,nextval('covariable_id_seq'),"{08,24,14}",,
Población masculina de 5 a 9 años,4.4%:4.5%,6,P_5A9_M,0.04412391038006826,0.04462256706954526,state,nextval('covariable_id_seq'),"{13,29,05}",,
Población masculina de 5 a 9 años,4.5%:4.6%,7,P_5A9_M,0.04483591009120355,0.04590236049578948,state,nextval('covariable_id_seq'),"{04,11,21}",,
Población masculina de 5 a 9 años,4.7%:4.7%,8,P_5A9_M,0.04654789152971331,0.04703921752779518,state,nextval('covariable_id_seq'),"{01,18,16}",,
Población masculina de 5 a 9 años,4.7%:4.8%,9,P_5A9_M,0.047312196949383226,0.04835655166206574,state,nextval('covariable_id_seq'),"{20,27,32}",,
Población masculina de 5 a 9 años,4.9%:5.6%,10,P_5A9_M,0.049008812375521786,0.05569400782275352,state,nextval('covariable_id_seq'),"{10,12,07}",,
Población de 10 a 14 años,6.6%:8.3%,1,P_10A14,0.06612005458447956,0.08287247082796058,state,nextval('covariable_id_seq'),"{09,19,31,02}",,
Población de 10 a 14 años,8.3%:8.4%,2,P_10A14,0.08303673065175446,0.08385212882425637,state,nextval('covariable_id_seq'),"{23,06,17,22}",,
Población de 10 a 14 años,8.5%:8.5%,3,P_10A14,0.0847457627118644,0.0852124288675598,state,nextval('covariable_id_seq'),"{03,30,05}",,
Población de 10 a 14 años,8.6%:8.6%,4,P_10A14,0.08563644811887088,0.08618838119448333,state,nextval('covariable_id_seq'),"{14,25,15}",,
Población de 10 a 14 años,8.6%:8.8%,5,P_10A14,0.08635415241667321,0.0878794773230464,state,nextval('covariable_id_seq'),"{04,28,26}",,
Población de 10 a 14 años,8.9%:8.9%,6,P_10A14,0.08907197644729131,0.08918404145094337,state,nextval('covariable_id_seq'),"{11,29,08}",,
Población de 10 a 14 años,9.0%:9.1%,7,P_10A14,0.08956667629253912,0.09099071483234861,state,nextval('covariable_id_seq'),"{24,16,01}",,
Población de 10 a 14 años,9.2%:9.2%,8,P_10A14,0.09165266908066164,0.09201772001864514,state,nextval('covariable_id_seq'),"{21,18,13}",,
Población de 10 a 14 años,9.3%:9.3%,9,P_10A14,0.09269049587155238,0.09330587163360947,state,nextval('covariable_id_seq'),"{27,10,32}",,
Población de 10 a 14 años,9.6%:10.5%,10,P_10A14,0.09640554984961816,0.10518580302274891,state,nextval('covariable_id_seq'),"{20,12,07}",,
Población femenina de 10 a 14 años,3.3%:4.1%,1,P_10A14_F,0.0325541610242147,0.04060525017113202,state,nextval('covariable_id_seq'),"{09,19,31,02}",,
Población femenina de 10 a 14 años,4.1%:4.1%,2,P_10A14_F,0.040806034494358136,0.041273110412769105,state,nextval('covariable_id_seq'),"{23,06,17,22}",,
Población femenina de 10 a 14 años,4.2%:4.2%,3,P_10A14_F,0.04159324288274613,0.041897869276156414,state,nextval('covariable_id_seq'),"{03,30,05}",,
Población femenina de 10 a 14 años,4.2%:4.2%,4,P_10A14_F,0.04203158280198813,0.04217489394415422,state,nextval('covariable_id_seq'),"{14,04,25}",,
Población femenina de 10 a 14 años,4.3%:4.3%,5,P_10A14_F,0.04251651555459807,0.042990451094117164,state,nextval('covariable_id_seq'),"{28,15,26}",,
Población femenina de 10 a 14 años,4.4%:4.4%,6,P_10A14_F,0.04385508952878896,0.04391065520854043,state,nextval('covariable_id_seq'),"{08,11,29}",,
Población femenina de 10 a 14 años,4.4%:4.5%,7,P_10A14_F,0.04412287337607693,0.04463852941238364,state,nextval('covariable_id_seq'),"{24,16,01}",,
Población femenina de 10 a 14 años,4.5%:4.5%,8,P_10A14_F,0.045010910951098215,0.04545329680620728,state,nextval('covariable_id_seq'),"{18,21,27}",,
Población femenina de 10 a 14 años,4.5%:4.6%,9,P_10A14_F,0.04547234190799979,0.04589190315497202,state,nextval('covariable_id_seq'),"{13,10,32}",,
Población femenina de 10 a 14 años,4.8%:5.2%,10,P_10A14_F,0.04762075317728213,0.05195291051598282,state,nextval('covariable_id_seq'),"{20,12,07}",,
Población masculina de 10 a 14 años,3.4%:4.2%,1,P_10A14_M,0.03356589356026486,0.042230696157396316,state,nextval('covariable_id_seq'),"{09,19,31,23}",,
Población masculina de 10 a 14 años,4.2%:4.3%,2,P_10A14_M,0.042267220656828565,0.042579018411487264,state,nextval('covariable_id_seq'),"{02,17,06,22}",,
Población masculina de 10 a 14 años,4.3%:4.3%,3,P_10A14_M,0.04312267823980391,0.04331455959140338,state,nextval('covariable_id_seq'),"{30,03,05}",,
Población masculina de 10 a 14 años,4.4%:4.4%,4,P_10A14_M,0.04357096206084384,0.043777170564493616,state,nextval('covariable_id_seq'),"{15,14,25}",,
Población masculina de 10 a 14 años,4.4%:4.5%,5,P_10A14_M,0.04418302395162902,0.04488902622892925,state,nextval('covariable_id_seq'),"{28,04,26}",,
Población masculina de 10 a 14 años,4.5%:4.5%,6,P_10A14_M,0.04518874370959702,0.04532895192215441,state,nextval('covariable_id_seq'),"{11,29,08}",,
Población masculina de 10 a 14 años,4.5%:4.6%,7,P_10A14_M,0.04544380291646219,0.04635218541996497,state,nextval('covariable_id_seq'),"{24,16,01}",,
Población masculina de 10 a 14 años,4.6%:4.7%,8,P_10A14_M,0.046459074035761515,0.04672444830087029,state,nextval('covariable_id_seq'),"{21,13,18}",,
Población masculina de 10 a 14 años,4.7%:4.7%,9,P_10A14_M,0.0472371990653451,0.04741396847863745,state,nextval('covariable_id_seq'),"{27,10,32}",,
Población masculina de 10 a 14 años,4.9%:5.3%,10,P_10A14_M,0.04878479667233603,0.053232892506766084,state,nextval('covariable_id_seq'),"{20,12,07}",,
Población de 15 a 19 años,7.1%:8.2%,1,P_15A19,0.07061812753693182,0.08199542361609474,state,nextval('covariable_id_seq'),"{09,23,19,03}",,
Población de 15 a 19 años,8.2%:8.4%,2,P_15A19,0.08201533236460307,0.08365791036987216,state,nextval('covariable_id_seq'),"{04,06,28,22}",,
Población de 15 a 19 años,8.4%:8.5%,3,P_15A19,0.0837456421032523,0.08453071741600389,state,nextval('covariable_id_seq'),"{02,18,17}",,
Población de 15 a 19 años,8.5%:8.6%,4,P_15A19,0.08453225698625713,0.08557470499124341,state,nextval('covariable_id_seq'),"{30,31,05}",,
Población de 15 a 19 años,8.6%:8.6%,5,P_15A19,0.08579851993573187,0.08641755064432995,state,nextval('covariable_id_seq'),"{14,16,25}",,
Población de 15 a 19 años,8.7%:8.7%,6,P_15A19,0.08680908815463531,0.08684765408112385,state,nextval('covariable_id_seq'),"{20,26,27}",,
Población de 15 a 19 años,8.7%:8.7%,7,P_15A19,0.08690140508549166,0.08721123053746671,state,nextval('covariable_id_seq'),"{15,32,08}",,
Población de 15 a 19 años,8.8%:9.0%,8,P_15A19,0.08839443876606026,0.08952455142214916,state,nextval('covariable_id_seq'),"{13,10,11}",,
Población de 15 a 19 años,9.0%:9.2%,9,P_15A19,0.08992702643807877,0.09222509203727527,state,nextval('covariable_id_seq'),"{24,29,12}",,
Población de 15 a 19 años,9.2%:9.5%,10,P_15A19,0.0922336866223787,0.09498436820189948,state,nextval('covariable_id_seq'),"{21,01,07}",,
Población femenina de 15 a 19 años,3.5%:4.0%,1,P_15A19_F,0.034666877453326535,0.04004794239444358,state,nextval('covariable_id_seq'),"{09,23,03,19}",,
Población femenina de 15 a 19 años,4.1%:4.1%,2,P_15A19_F,0.040578954568417744,0.041305540240409215,state,nextval('covariable_id_seq'),"{04,02,06,28}",,
Población femenina de 15 a 19 años,4.2%:4.2%,3,P_15A19_F,0.041503639273842534,0.041655874430169916,state,nextval('covariable_id_seq'),"{22,17,18}",,
Población femenina de 15 a 19 años,4.2%:4.2%,4,P_15A19_F,0.041770900746176697,0.042085680845539764,state,nextval('covariable_id_seq'),"{31,30,05}",,
Población femenina de 15 a 19 años,4.2%:4.3%,5,P_15A19_F,0.042340273912151324,0.04262716542729744,state,nextval('covariable_id_seq'),"{14,26,25}",,
Población femenina de 15 a 19 años,4.3%:4.3%,6,P_15A19_F,0.04273080238862242,0.042909372874419635,state,nextval('covariable_id_seq'),"{16,08,15}",,
Población femenina de 15 a 19 años,4.3%:4.3%,7,P_15A19_F,0.04302467578845899,0.043496747938360385,state,nextval('covariable_id_seq'),"{27,32,20}",,
Población femenina de 15 a 19 años,4.4%:4.4%,8,P_15A19_F,0.04373502851062669,0.044434863739289655,state,nextval('covariable_id_seq'),"{10,13,29}",,
Población femenina de 15 a 19 años,4.4%:4.6%,9,P_15A19_F,0.044449154150182246,0.0456395065400212,state,nextval('covariable_id_seq'),"{11,24,01}",,
Población femenina de 15 a 19 años,4.6%:4.8%,10,P_15A19_F,0.04577856198690075,0.04763062634699345,state,nextval('covariable_id_seq'),"{21,12,07}",,
Población masculina de 15 a 19 años,3.6%:4.2%,1,P_15A19_M,0.035951250083605286,0.041532268799652584,state,nextval('covariable_id_seq'),"{09,23,04,19}",,
Población masculina de 15 a 19 años,4.2%:4.2%,2,P_15A19_M,0.04192969287289562,0.042317148163873115,state,nextval('covariable_id_seq'),"{06,22,28,03}",,
Población masculina de 15 a 19 años,4.3%:4.3%,3,P_15A19_M,0.04268522516182477,0.04279574000668609,state,nextval('covariable_id_seq'),"{30,18,02}",,
Población masculina de 15 a 19 años,4.3%:4.3%,4,P_15A19_M,0.04283557485076897,0.04313068901370986,state,nextval('covariable_id_seq'),"{31,17,16}",,
Población masculina de 15 a 19 años,4.3%:4.3%,5,P_15A19_M,0.043312340216274926,0.043489024145703645,state,nextval('covariable_id_seq'),"{20,14,05}",,
Población masculina de 15 a 19 años,4.4%:4.4%,6,P_15A19_M,0.04368308984808937,0.043822978292664856,state,nextval('covariable_id_seq'),"{32,25,27}",,
Población masculina de 15 a 19 años,4.4%:4.4%,7,P_15A19_M,0.04399203221107202,0.044401393624101816,state,nextval('covariable_id_seq'),"{15,08,26}",,
Población masculina de 15 a 19 años,4.5%:4.5%,8,P_15A19_M,0.04457771257096944,0.045201757018525086,state,nextval('covariable_id_seq'),"{13,11,10}",,
Población masculina de 15 a 19 años,4.5%:4.6%,9,P_15A19_M,0.04534813473623043,0.045928965722734444,state,nextval('covariable_id_seq'),"{24,29,12}",,
Población masculina de 15 a 19 años,4.6%:4.7%,10,P_15A19_M,0.04645512463547795,0.04735374185490603,state,nextval('covariable_id_seq'),"{21,01,07}",,
Población de 20 a 24 años,7.4%:7.8%,1,P_20A24,0.07446674320958592,0.07759059121314961,state,nextval('covariable_id_seq'),"{30,20,13,09}",,
Población de 20 a 24 años,7.8%:8.0%,2,P_20A24,0.07847962913479492,0.08028786700021823,state,nextval('covariable_id_seq'),"{27,18,12,32}",,
Población de 20 a 24 años,8.1%:8.1%,3,P_20A24,0.08052305516145629,0.08138626808694444,state,nextval('covariable_id_seq'),"{28,06,04}",,
Población de 20 a 24 años,8.2%:8.2%,4,P_20A24,0.08221597415456303,0.0822494778111829,state,nextval('covariable_id_seq'),"{16,17,24}",,
Población de 20 a 24 años,8.3%:8.4%,5,P_20A24,0.08328179073749245,0.08379101949050367,state,nextval('covariable_id_seq'),"{15,03,07}",,
Población de 20 a 24 años,8.4%:8.4%,6,P_20A24,0.08380650969906965,0.08393318953710031,state,nextval('covariable_id_seq'),"{10,26,08}",,
Población de 20 a 24 años,8.4%:8.5%,7,P_20A24,0.08399499042033881,0.08483912978405438,state,nextval('covariable_id_seq'),"{05,14,29}",,
Población de 20 a 24 años,8.5%:8.7%,8,P_20A24,0.0849008388991798,0.0866811336237054,state,nextval('covariable_id_seq'),"{25,31,21}",,
Población de 20 a 24 años,8.7%:8.8%,9,P_20A24,0.08710019047645391,0.08825919888265278,state,nextval('covariable_id_seq'),"{19,11,22}",,
Población de 20 a 24 años,8.9%:9.0%,10,P_20A24,0.08879996340121153,0.09030437620389385,state,nextval('covariable_id_seq'),"{23,01,02}",,
Población femenina de 20 a 24 años,3.8%:4.0%,1,P_20A24_F,0.03820551711803382,0.03955637024420008,state,nextval('covariable_id_seq'),"{30,09,20,13}",,
Población femenina de 20 a 24 años,4.0%:4.0%,2,P_20A24_F,0.03963152066929134,0.04048484119797557,state,nextval('covariable_id_seq'),"{18,27,28,03}",,
Población femenina de 20 a 24 años,4.1%:4.1%,3,P_20A24_F,0.04061575819226652,0.04123279363783348,state,nextval('covariable_id_seq'),"{06,26,04}",,
Población femenina de 20 a 24 años,4.1%:4.2%,4,P_20A24_F,0.041272074262485685,0.04176574516940438,state,nextval('covariable_id_seq'),"{32,05,15}",,
Población femenina de 20 a 24 años,4.2%:4.2%,5,P_20A24_F,0.04182577142389436,0.04187805467021212,state,nextval('covariable_id_seq'),"{10,16,12}",,
Población femenina de 20 a 24 años,4.2%:4.2%,6,P_20A24_F,0.041886463236487585,0.04205821231603806,state,nextval('covariable_id_seq'),"{17,08,24}",,
Población femenina de 20 a 24 años,4.2%:4.3%,7,P_20A24_F,0.04221018522544693,0.04262187956628189,state,nextval('covariable_id_seq'),"{14,29,25}",,
Población femenina de 20 a 24 años,4.3%:4.3%,8,P_20A24_F,0.04284548480803551,0.04343406757929719,state,nextval('covariable_id_seq'),"{31,19,07}",,
Población femenina de 20 a 24 años,4.4%:4.4%,9,P_20A24_F,0.044027804314889514,0.04424421997673499,state,nextval('covariable_id_seq'),"{23,22,21}",,
Población femenina de 20 a 24 años,4.4%:4.5%,10,P_20A24_F,0.04428445590630986,0.04479916274260719,state,nextval('covariable_id_seq'),"{02,11,01}",,
Población masculina de 20 a 24 años,3.6%:3.8%,1,P_20A24_M,0.03560787270930276,0.037758230398919984,state,nextval('covariable_id_seq'),"{20,30,13,12}",,
Población masculina de 20 a 24 años,3.8%:3.9%,2,P_20A24_M,0.038260666162212735,0.039286708713220056,state,nextval('covariable_id_seq'),"{27,09,32,18}",,
Población masculina de 20 a 24 años,4.0%:4.0%,3,P_20A24_M,0.040153474449110965,0.04028562236109005,state,nextval('covariable_id_seq'),"{04,24,28}",,
Población masculina de 20 a 24 años,4.0%:4.0%,4,P_20A24_M,0.0403439067091247,0.04035769355624087,state,nextval('covariable_id_seq'),"{16,07,17}",,
Población masculina de 20 a 24 años,4.1%:4.2%,5,P_20A24_M,0.0405214174087458,0.041980738275175296,state,nextval('covariable_id_seq'),"{06,15,10}",,
Población masculina de 20 a 24 años,4.2%:4.2%,6,P_20A24_M,0.04203273818511551,0.04224793127507023,state,nextval('covariable_id_seq'),"{08,14,29}",,
Población masculina de 20 a 24 años,4.2%:4.2%,7,P_20A24_M,0.04227895933289791,0.04247496878546294,state,nextval('covariable_id_seq'),"{25,21,05}",,
Población masculina de 20 a 24 años,4.3%:4.3%,8,P_20A24_M,0.0426461199929368,0.04312339447920589,state,nextval('covariable_id_seq'),"{26,03,31}",,
Población masculina de 20 a 24 años,4.3%:4.4%,9,P_20A24_M,0.043319419341929066,0.04417591186842223,state,nextval('covariable_id_seq'),"{11,22,19}",,
Población masculina de 20 a 24 años,4.4%:4.6%,10,P_20A24_M,0.04429972636217415,0.046019920297583984,state,nextval('covariable_id_seq'),"{01,23,02}",,
Población de 25 a 29 años,7.2%:7.4%,1,P_25A29,0.0719894961649368,0.07432550818605722,state,nextval('covariable_id_seq'),"{30,12,32,20}",,
Población de 25 a 29 años,7.5%:7.6%,2,P_25A29,0.07490513624119353,0.07575994228591433,state,nextval('covariable_id_seq'),"{18,13,27,28}",,
Población de 25 a 29 años,7.7%:7.7%,3,P_25A29,0.07655414273314395,0.07699615311161433,state,nextval('covariable_id_seq'),"{07,25,10}",,
Población de 25 a 29 años,7.7%:7.8%,4,P_25A29,0.07738824520177667,0.07800431429577721,state,nextval('covariable_id_seq'),"{26,16,29}",,
Población de 25 a 29 años,7.8%:7.8%,5,P_25A29,0.0781489978139496,0.07841411702645674,state,nextval('covariable_id_seq'),"{05,24,17}",,
Población de 25 a 29 años,7.8%:8.0%,6,P_25A29,0.07841544740581001,0.07971925259810005,state,nextval('covariable_id_seq'),"{04,06,08}",,
Población de 25 a 29 años,8.0%:8.0%,7,P_25A29,0.08005772775312761,0.08047865818743395,state,nextval('covariable_id_seq'),"{14,21,15}",,
Población de 25 a 29 años,8.1%:8.2%,8,P_25A29,0.08138047204656317,0.08228496039033167,state,nextval('covariable_id_seq'),"{11,09,31}",,
Población de 25 a 29 años,8.3%:8.6%,9,P_25A29,0.0830705797600601,0.08616476735462716,state,nextval('covariable_id_seq'),"{01,19,03}",,
Población de 25 a 29 años,8.7%:9.9%,10,P_25A29,0.08709001278847021,0.0992725990791099,state,nextval('covariable_id_seq'),"{02,22,23}",,
Población femenina de 25 a 29 años,3.8%:3.9%,1,P_25A29_F,0.038078141317199894,0.038599271203761054,state,nextval('covariable_id_seq'),"{32,30,18,28}",,
Población femenina de 25 a 29 años,3.9%:3.9%,2,P_25A29_F,0.03862484888822483,0.039263705989838596,state,nextval('covariable_id_seq'),"{26,12,05,25}",,
Población femenina de 25 a 29 años,3.9%:4.0%,3,P_25A29_F,0.03932502114424467,0.03982884618441237,state,nextval('covariable_id_seq'),"{10,27,13}",,
Población femenina de 25 a 29 años,4.0%:4.0%,4,P_25A29_F,0.04011061559266512,0.040208516118549316,state,nextval('covariable_id_seq'),"{20,29,08}",,
Población femenina de 25 a 29 años,4.0%:4.0%,5,P_25A29_F,0.040267107470559525,0.04039984422897957,state,nextval('covariable_id_seq'),"{06,16,14}",,
Población femenina de 25 a 29 años,4.1%:4.1%,6,P_25A29_F,0.04056920548612238,0.04072346403850821,state,nextval('covariable_id_seq'),"{17,04,24}",,
Población femenina de 25 a 29 años,4.1%:4.1%,7,P_25A29_F,0.04075667571216134,0.04128233570149829,state,nextval('covariable_id_seq'),"{07,15,09}",,
Población femenina de 25 a 29 años,4.1%:4.2%,8,P_25A29_F,0.04146813123893368,0.04198364401442564,state,nextval('covariable_id_seq'),"{19,31,21}",,
Población femenina de 25 a 29 años,4.2%:4.2%,9,P_25A29_F,0.042134713943752275,0.04228725027304159,state,nextval('covariable_id_seq'),"{11,03,01}",,
Población femenina de 25 a 29 años,4.3%:4.9%,10,P_25A29_F,0.042980403393985706,0.0492000742740119,state,nextval('covariable_id_seq'),"{02,22,23}",,
Población masculina de 25 a 29 años,3.3%:3.4%,1,P_25A29_M,0.03342630027805354,0.034463775585061196,state,nextval('covariable_id_seq'),"{12,30,20,32}",,
Población masculina de 25 a 29 años,3.5%:3.7%,2,P_25A29_M,0.035142260012760954,0.03661563018027352,state,nextval('covariable_id_seq'),"{13,27,07,18}",,
Población masculina de 25 a 29 años,3.7%:3.7%,3,P_25A29_M,0.03711870210152109,0.03748567449073207,state,nextval('covariable_id_seq'),"{16,28,25}",,
Población masculina de 25 a 29 años,3.8%:3.8%,4,P_25A29_M,0.03756995735679448,0.03775031964867191,state,nextval('covariable_id_seq'),"{24,10,04}",,
Población masculina de 25 a 29 años,3.8%:3.8%,5,P_25A29_M,0.03784491154033436,0.03826346084731649,state,nextval('covariable_id_seq'),"{17,29,21}",,
Población masculina de 25 a 29 años,3.9%:3.9%,6,P_25A29_M,0.03876339631355184,0.03908169501675574,state,nextval('covariable_id_seq'),"{26,05,06}",,
Población masculina de 25 a 29 años,3.9%:4.0%,7,P_25A29_M,0.0392457581028109,0.03951073647955073,state,nextval('covariable_id_seq'),"{11,15,08}",,
Población masculina de 25 a 29 años,4.0%:4.1%,8,P_25A29_M,0.03965788352414804,0.040728200894653704,state,nextval('covariable_id_seq'),"{14,09,31}",,
Población masculina de 25 a 29 años,4.1%:4.4%,9,P_25A29_M,0.04078332948701851,0.04389270671691421,state,nextval('covariable_id_seq'),"{01,19,03}",,
Población masculina de 25 a 29 años,4.4%:5.0%,10,P_25A29_M,0.04410960939448451,0.050072524805097995,state,nextval('covariable_id_seq'),"{02,22,23}",,
Población de 30 a 34 años,6.7%:7.1%,1,P_30A34,0.06721185307362841,0.0705501011627864,state,nextval('covariable_id_seq'),"{12,20,30,32}",,
Población de 30 a 34 años,7.1%:7.1%,2,P_30A34,0.07067688865849998,0.07143890467020261,state,nextval('covariable_id_seq'),"{10,25,05,07}",,
Población de 30 a 34 años,7.2%:7.2%,3,P_30A34,0.07186422403362083,0.07238467112291412,state,nextval('covariable_id_seq'),"{29,21,24}",,
Población de 30 a 34 años,7.3%:7.3%,4,P_30A34,0.07270650595955312,0.07273778607368933,state,nextval('covariable_id_seq'),"{16,13,17}",,
Población de 30 a 34 años,7.3%:7.3%,5,P_30A34,0.07280733955356623,0.07331463038748445,state,nextval('covariable_id_seq'),"{28,26,18}",,
Población de 30 a 34 años,7.4%:7.5%,6,P_30A34,0.07366479157875383,0.07496950672732998,state,nextval('covariable_id_seq'),"{08,01,11}",,
Población de 30 a 34 años,7.6%:7.7%,7,P_30A34,0.07551284068329367,0.07654461449008289,state,nextval('covariable_id_seq'),"{27,15,14}",,
Población de 30 a 34 años,7.8%:7.9%,8,P_30A34,0.07753038236013085,0.07852981510573688,state,nextval('covariable_id_seq'),"{19,04,06}",,
Población de 30 a 34 años,7.9%:8.1%,9,P_30A34,0.07886387079483889,0.08074001318574793,state,nextval('covariable_id_seq'),"{31,02,09}",,
Población de 30 a 34 años,8.2%:9.4%,10,P_30A34,0.08215271734839455,0.09425964149333821,state,nextval('covariable_id_seq'),"{22,03,23}",,
Población femenina de 30 a 34 años,3.6%:3.6%,1,P_30A34_F,0.0360518766697672,0.036410001774067106,state,nextval('covariable_id_seq'),"{05,10,12,25}",,
Población femenina de 30 a 34 años,3.7%:3.8%,2,P_30A34_F,0.03652116923160511,0.03751592034709747,state,nextval('covariable_id_seq'),"{26,28,08,32}",,
Población femenina de 30 a 34 años,3.8%:3.8%,3,P_30A34_F,0.03770834412556983,0.03783867373579068,state,nextval('covariable_id_seq'),"{18,30,20}",,
Población femenina de 30 a 34 años,3.8%:3.8%,4,P_30A34_F,0.03807064454566236,0.03811157200403764,state,nextval('covariable_id_seq'),"{29,24,07}",,
Población femenina de 30 a 34 años,3.8%:3.8%,5,P_30A34_F,0.03826184872585619,0.038393748712845184,state,nextval('covariable_id_seq'),"{17,19,16}",,
Población femenina de 30 a 34 años,3.9%:3.9%,6,P_30A34_F,0.03869029987796353,0.03906122445557106,state,nextval('covariable_id_seq'),"{21,01,14}",,
Población femenina de 30 a 34 años,3.9%:4.0%,7,P_30A34_F,0.039326127688243076,0.03956082552529344,state,nextval('covariable_id_seq'),"{15,13,11}",,
Población femenina de 30 a 34 años,4.0%:4.0%,8,P_30A34_F,0.03985685495451174,0.04042917870582852,state,nextval('covariable_id_seq'),"{27,02,31}",,
Población femenina de 30 a 34 años,4.1%:4.1%,9,P_30A34_F,0.040673183017018257,0.04127744967830423,state,nextval('covariable_id_seq'),"{06,04,09}",,
Población femenina de 30 a 34 años,4.1%:4.7%,10,P_30A34_F,0.0414880386550391,0.04687066903123545,state,nextval('covariable_id_seq'),"{03,22,23}",,
Población masculina de 30 a 34 años,3.1%:3.3%,1,P_30A34_M,0.030966889175399675,0.03303418081568892,state,nextval('covariable_id_seq'),"{12,20,30,32}",,
Población masculina de 30 a 34 años,3.3%:3.4%,2,P_30A34_M,0.0333153737088614,0.03379357948795847,state,nextval('covariable_id_seq'),"{13,07,21,29}",,
Población masculina de 30 a 34 años,3.4%:3.4%,3,P_30A34_M,0.03428251522275627,0.03447593734783314,state,nextval('covariable_id_seq'),"{24,16,17}",,
Población masculina de 30 a 34 años,3.5%:3.5%,4,P_30A34_M,0.03450304204294328,0.03523675539147907,state,nextval('covariable_id_seq'),"{10,25,05}",,
Población masculina de 30 a 34 años,3.5%:3.6%,5,P_30A34_M,0.03540868120203654,0.03560628626191463,state,nextval('covariable_id_seq'),"{11,28,18}",,
Población masculina de 30 a 34 años,3.6%:3.6%,6,P_30A34_M,0.035655985728781925,0.036230882704700526,state,nextval('covariable_id_seq'),"{27,15,01}",,
Población masculina de 30 a 34 años,3.6%:3.7%,7,P_30A34_M,0.036251669954239445,0.03722358603261871,state,nextval('covariable_id_seq'),"{08,26,04}",,
Población masculina de 30 a 34 años,3.7%:3.8%,8,P_30A34_M,0.037483390034511836,0.038434692089010375,state,nextval('covariable_id_seq'),"{14,06,31}",,
Población masculina de 30 a 34 años,3.9%:4.0%,9,P_30A34_M,0.03925201428244937,0.03981182765054358,state,nextval('covariable_id_seq'),"{19,09,22}",,
Población masculina de 30 a 34 años,4.0%:4.7%,10,P_30A34_M,0.04037229836933739,0.04738897246210276,state,nextval('covariable_id_seq'),"{02,03,23}",,
Población de 35 a 39 años,6.3%:6.7%,1,P_35A39,0.0627440735337936,0.06691338257971399,state,nextval('covariable_id_seq'),"{12,32,10,20}",,
Población de 35 a 39 años,6.7%:6.8%,2,P_35A39,0.06705586999452078,0.06801972181819148,state,nextval('covariable_id_seq'),"{16,07,25,24}",,
Población de 35 a 39 años,6.9%:6.9%,3,P_35A39,0.06894620285951099,0.06930673175419429,state,nextval('covariable_id_seq'),"{18,17,30}",,
Población de 35 a 39 años,7.0%:7.0%,4,P_35A39,0.06954954659365745,0.06979662644660192,state,nextval('covariable_id_seq'),"{21,01,05}",,
Población de 35 a 39 años,7.0%:7.1%,5,P_35A39,0.07029244373208732,0.07066092717894648,state,nextval('covariable_id_seq'),"{26,08,29}",,
Población de 35 a 39 años,7.1%:7.2%,6,P_35A39,0.07119340015638241,0.07221994427268985,state,nextval('covariable_id_seq'),"{11,13,14}",,
Población de 35 a 39 años,7.3%:7.4%,7,P_35A39,0.07291364005516288,0.07381503915452174,state,nextval('covariable_id_seq'),"{28,19,15}",,
Población de 35 a 39 años,7.5%:7.5%,8,P_35A39,0.07460578541436796,0.07501363696293417,state,nextval('covariable_id_seq'),"{06,27,31}",,
Población de 35 a 39 años,7.6%:7.7%,9,P_35A39,0.07569776046654164,0.07715665871637646,state,nextval('covariable_id_seq'),"{04,09,22}",,
Población de 35 a 39 años,7.7%:8.7%,10,P_35A39,0.07749202710518915,0.0869070525327169,state,nextval('covariable_id_seq'),"{02,03,23}",,
Población femenina de 35 a 39 años,3.3%:3.5%,1,P_35A39_F,0.03339208250347857,0.03461446086034656,state,nextval('covariable_id_seq'),"{10,12,32,25}",,
Población femenina de 35 a 39 años,3.5%:3.5%,2,P_35A39_F,0.03503110525529401,0.03530761111686697,state,nextval('covariable_id_seq'),"{26,05,16,18}",,
Población femenina de 35 a 39 años,3.6%:3.6%,3,P_35A39_F,0.03555896799166406,0.03587237864757083,state,nextval('covariable_id_seq'),"{08,07,24}",,
Población femenina de 35 a 39 años,3.6%:3.6%,4,P_35A39_F,0.03596168385062684,0.036411463715947015,state,nextval('covariable_id_seq'),"{20,01,19}",,
Población femenina de 35 a 39 años,3.7%:3.7%,5,P_35A39_F,0.03664431504625872,0.037232007277075985,state,nextval('covariable_id_seq'),"{17,14,30}",,
Población femenina de 35 a 39 años,3.7%:3.7%,6,P_35A39_F,0.037267756275824904,0.0374200534657903,state,nextval('covariable_id_seq'),"{21,28,11}",,
Población femenina de 35 a 39 años,3.8%:3.8%,7,P_35A39_F,0.03817968596611321,0.03820616436469128,state,nextval('covariable_id_seq'),"{02,06,29}",,
Población femenina de 35 a 39 años,3.8%:3.9%,8,P_35A39_F,0.03844287857544795,0.03878727446533895,state,nextval('covariable_id_seq'),"{31,15,13}",,
Población femenina de 35 a 39 años,3.9%:4.0%,9,P_35A39_F,0.0394931723905412,0.03964250365645855,state,nextval('covariable_id_seq'),"{04,03,27}",,
Población femenina de 35 a 39 años,4.0%:4.3%,10,P_35A39_F,0.039664193397918594,0.04295352222972736,state,nextval('covariable_id_seq'),"{09,22,23}",,
Población masculina de 35 a 39 años,2.9%:3.1%,1,P_35A39_M,0.029087309376575436,0.03143495793881051,state,nextval('covariable_id_seq'),"{12,32,20,07}",,
Población masculina de 35 a 39 años,3.1%:3.2%,2,P_35A39_M,0.03144844896734237,0.03214734317062066,state,nextval('covariable_id_seq'),"{10,16,30,24}",,
Población masculina de 35 a 39 años,3.2%:3.2%,3,P_35A39_M,0.03228179031783254,0.032454762814255196,state,nextval('covariable_id_seq'),"{21,17,29}",,
Población masculina de 35 a 39 años,3.3%:3.4%,4,P_35A39_M,0.0330328421089508,0.033511339380348164,state,nextval('covariable_id_seq'),"{13,25,01}",,
Población masculina de 35 a 39 años,3.4%:3.5%,5,P_35A39_M,0.03363859174264401,0.034756580634561586,state,nextval('covariable_id_seq'),"{18,11,05}",,
Población masculina de 35 a 39 años,3.5%:3.5%,6,P_35A39_M,0.03490555120983658,0.03511483768819717,state,nextval('covariable_id_seq'),"{08,27,15}",,
Población masculina de 35 a 39 años,3.5%:3.6%,7,P_35A39_M,0.03526133847679331,0.035507485681322434,state,nextval('covariable_id_seq'),"{26,14,28}",,
Población masculina de 35 a 39 años,3.6%:3.7%,8,P_35A39_M,0.036204588076000445,0.036570758387486225,state,nextval('covariable_id_seq'),"{04,06,31}",,
Población masculina de 35 a 39 años,3.7%:3.7%,9,P_35A39_M,0.03697579485825321,0.0373413719076101,state,nextval('covariable_id_seq'),"{09,22,19}",,
Población masculina de 35 a 39 años,3.9%:4.4%,10,P_35A39_M,0.03931234113907594,0.04395353030298953,state,nextval('covariable_id_seq'),"{02,03,23}",,
Población de 40 a 44 años,5.9%:6.3%,1,P_40A44,0.059062017660424466,0.06279494345313866,state,nextval('covariable_id_seq'),"{12,07,10,20}",,
Población de 40 a 44 años,6.3%:6.5%,2,P_40A44,0.06302562769986646,0.06457102373619951,state,nextval('covariable_id_seq'),"{16,32,24,21}",,
Población de 40 a 44 años,6.5%:6.6%,3,P_40A44,0.06479906453882452,0.0658659624149108,state,nextval('covariable_id_seq'),"{01,18,14}",,
Población de 40 a 44 años,6.6%:6.7%,4,P_40A44,0.066034434615321,0.06660426798076215,state,nextval('covariable_id_seq'),"{11,17,29}",,
Población de 40 a 44 años,6.7%:6.7%,5,P_40A44,0.06668672641843261,0.06749681113915922,state,nextval('covariable_id_seq'),"{30,08,25}",,
Población de 40 a 44 años,6.8%:6.9%,6,P_40A44,0.06845893122609956,0.069238057076106,state,nextval('covariable_id_seq'),"{13,04,26}",,
Población de 40 a 44 años,6.9%:7.0%,7,P_40A44,0.06946923130615822,0.06975865292487549,state,nextval('covariable_id_seq'),"{31,05,27}",,
Población de 40 a 44 años,7.0%:7.0%,8,P_40A44,0.06997268697431715,0.07044841999531791,state,nextval('covariable_id_seq'),"{22,06,15}",,
Población de 40 a 44 años,7.0%:7.3%,9,P_40A44,0.07048063417461913,0.07259473284832663,state,nextval('covariable_id_seq'),"{28,19,02}",,
Población de 40 a 44 años,7.3%:7.4%,10,P_40A44,0.07278078998091628,0.07438064142015688,state,nextval('covariable_id_seq'),"{09,23,03}",,
Población femenina de 40 a 44 años,3.1%:3.3%,1,P_40A44_F,0.031157532304393283,0.03300043842230302,state,nextval('covariable_id_seq'),"{07,12,10,16}",,
Población femenina de 40 a 44 años,3.3%:3.4%,2,P_40A44_F,0.03325426073490665,0.03366142742225109,state,nextval('covariable_id_seq'),"{32,18,24,20}",,
Población femenina de 40 a 44 años,3.4%:3.4%,3,P_40A44_F,0.03396548529129385,0.03410835601139431,state,nextval('covariable_id_seq'),"{14,01,08}",,
Población femenina de 40 a 44 años,3.4%:3.5%,4,P_40A44_F,0.03446777821716498,0.03474484182502275,state,nextval('covariable_id_seq'),"{25,21,26}",,
Población femenina de 40 a 44 años,3.5%:3.5%,5,P_40A44_F,0.03481162600410512,0.03541582129524428,state,nextval('covariable_id_seq'),"{11,19,17}",,
Población femenina de 40 a 44 años,3.5%:3.6%,6,P_40A44_F,0.035495433255232106,0.035892353980610345,state,nextval('covariable_id_seq'),"{05,29,02}",,
Población femenina de 40 a 44 años,3.6%:3.6%,7,P_40A44_F,0.03596538925881275,0.036015647102496606,state,nextval('covariable_id_seq'),"{31,04,30}",,
Población femenina de 40 a 44 años,3.6%:3.6%,8,P_40A44_F,0.036086033325539967,0.03631925475328982,state,nextval('covariable_id_seq'),"{06,28,03}",,
Población femenina de 40 a 44 años,3.6%:3.7%,9,P_40A44_F,0.03648351444204204,0.036759274967473186,state,nextval('covariable_id_seq'),"{22,23,13}",,
Población femenina de 40 a 44 años,3.7%:3.8%,10,P_40A44_F,0.03682638543776362,0.038327594608609995,state,nextval('covariable_id_seq'),"{27,15,09}",,
Población masculina de 40 a 44 años,2.8%:3.0%,1,P_40A44_M,0.027577149619353317,0.029855947143657004,state,nextval('covariable_id_seq'),"{12,07,20,21}",,
Población masculina de 40 a 44 años,3.0%:3.0%,2,P_40A44_M,0.030025189277563435,0.03043570785474586,state,nextval('covariable_id_seq'),"{16,32,24,10}",,
Población masculina de 40 a 44 años,3.1%:3.1%,3,P_40A44_M,0.030671079315936003,0.030796542769031002,state,nextval('covariable_id_seq'),"{30,01,17}",,
Población masculina de 40 a 44 años,3.1%:3.2%,4,P_40A44_M,0.030938727915667954,0.03169965625862638,state,nextval('covariable_id_seq'),"{29,11,13}",,
Población masculina de 40 a 44 años,3.2%:3.3%,5,P_40A44_M,0.031900477123616953,0.032932267487111866,state,nextval('covariable_id_seq'),"{14,18,27}",,
Población masculina de 40 a 44 años,3.3%:3.3%,6,P_40A44_M,0.03302903292199424,0.03317444286033924,state,nextval('covariable_id_seq'),"{25,04,15}",,
Población masculina de 40 a 44 años,3.3%:3.4%,7,P_40A44_M,0.033233124943711286,0.03350384204734547,state,nextval('covariable_id_seq'),"{08,22,31}",,
Población masculina de 40 a 44 años,3.4%:3.4%,8,P_40A44_M,0.03388885014991981,0.034197296565643395,state,nextval('covariable_id_seq'),"{06,05,28}",,
Población masculina de 40 a 44 años,3.4%:3.5%,9,P_40A44_M,0.03445319537230628,0.03543021090020437,state,nextval('covariable_id_seq'),"{09,26,19}",,
Población masculina de 40 a 44 años,3.7%:3.8%,10,P_40A44_M,0.036702378867716275,0.03806138666686706,state,nextval('covariable_id_seq'),"{02,23,03}",,
Población de 45 a 49 años,5.1%:5.7%,1,P_45A49,0.05128820735419642,0.05697047240529594,state,nextval('covariable_id_seq'),"{07,12,20,16}",,
Población de 45 a 49 años,5.8%:5.9%,2,P_45A49,0.05815719767568679,0.05929364575654612,state,nextval('covariable_id_seq'),"{21,32,10,11}",,
Población de 45 a 49 años,5.9%:6.0%,3,P_45A49,0.0593915433916921,0.06004170424004918,state,nextval('covariable_id_seq'),"{01,29,24}",,
Población de 45 a 49 años,6.1%:6.1%,4,P_45A49,0.06081802994198093,0.06130780097211435,state,nextval('covariable_id_seq'),"{18,14,27}",,
Población de 45 a 49 años,6.2%:6.3%,5,P_45A49,0.06207485649471166,0.06299566465821844,state,nextval('covariable_id_seq'),"{04,31,23}",,
Población de 45 a 49 años,6.3%:6.3%,6,P_45A49,0.06308736406427529,0.06326117273324898,state,nextval('covariable_id_seq'),"{17,13,22}",,
Población de 45 a 49 años,6.4%:6.4%,7,P_45A49,0.0636249179452669,0.06444295869104213,state,nextval('covariable_id_seq'),"{25,30,06}",,
Población de 45 a 49 años,6.5%:6.5%,8,P_45A49,0.06483961991215446,0.06526025183032015,state,nextval('covariable_id_seq'),"{03,05,26}",,
Población de 45 a 49 años,6.6%:6.7%,9,P_45A49,0.06641654210770072,0.06702081203338196,state,nextval('covariable_id_seq'),"{08,28,19}",,
Población de 45 a 49 años,6.7%:7.3%,10,P_45A49,0.06743489949458635,0.07263290634557604,state,nextval('covariable_id_seq'),"{15,02,09}",,
Población femenina de 45 a 49 años,2.7%:3.0%,1,P_45A49_F,0.026790874464359283,0.03021876067264314,state,nextval('covariable_id_seq'),"{07,12,16,32}",,
Población femenina de 45 a 49 años,3.0%:3.1%,2,P_45A49_F,0.030306997716441908,0.030942661001030686,state,nextval('covariable_id_seq'),"{20,10,18,23}",,
Población femenina de 45 a 49 años,3.1%:3.1%,3,P_45A49_F,0.031010709697882288,0.031218982510607764,state,nextval('covariable_id_seq'),"{11,21,01}",,
Población femenina de 45 a 49 años,3.1%:3.2%,4,P_45A49_F,0.031377160913623574,0.03153644441745244,state,nextval('covariable_id_seq'),"{03,24,14}",,
Población femenina de 45 a 49 años,3.2%:3.2%,5,P_45A49_F,0.03187546250766134,0.03210256020765806,state,nextval('covariable_id_seq'),"{04,27,29}",,
Población femenina de 45 a 49 años,3.2%:3.3%,6,P_45A49_F,0.032442963081894836,0.03265374006095916,state,nextval('covariable_id_seq'),"{25,26,31}",,
Población femenina de 45 a 49 años,3.3%:3.3%,7,P_45A49_F,0.03279504396417238,0.0331628834764271,state,nextval('covariable_id_seq'),"{06,22,05}",,
Población femenina de 45 a 49 años,3.3%:3.4%,8,P_45A49_F,0.03345594959721266,0.033532056956554035,state,nextval('covariable_id_seq'),"{19,08,13}",,
Población femenina de 45 a 49 años,3.4%:3.4%,9,P_45A49_F,0.033604756674148716,0.03421572198592014,state,nextval('covariable_id_seq'),"{02,17,28}",,
Población femenina de 45 a 49 años,3.4%:3.9%,10,P_45A49_F,0.03423135450827831,0.03855604333750563,state,nextval('covariable_id_seq'),"{30,15,09}",,
Población masculina de 45 a 49 años,2.4%:2.7%,1,P_45A49_M,0.02449733288983713,0.027069493343589622,state,nextval('covariable_id_seq'),"{07,12,20,21}",,
Población masculina de 45 a 49 años,2.7%:2.8%,2,P_45A49_M,0.02724451371975423,0.028282936058663836,state,nextval('covariable_id_seq'),"{16,29,01,11}",,
Población masculina de 45 a 49 años,2.8%:2.9%,3,P_45A49_M,0.02841866721573627,0.028582817640503782,state,nextval('covariable_id_seq'),"{32,10,24}",,
Población masculina de 45 a 49 años,2.9%:3.0%,4,P_45A49_M,0.029228360299975276,0.02958083144735651,state,nextval('covariable_id_seq'),"{27,17,13}",,
Población masculina de 45 a 49 años,3.0%:3.0%,5,P_45A49_M,0.029739040417452917,0.03018966276419395,state,nextval('covariable_id_seq'),"{14,30,18}",,
Población masculina de 45 a 49 años,3.0%:3.0%,6,P_45A49_M,0.030199393987050325,0.03033227822046919,state,nextval('covariable_id_seq'),"{04,31,22}",,
Población masculina de 45 a 49 años,3.1%:3.2%,7,P_45A49_M,0.031181954863372056,0.03192941699056603,state,nextval('covariable_id_seq'),"{25,06,15}",,
Población masculina de 45 a 49 años,3.2%:3.3%,8,P_45A49_M,0.03204745435876967,0.032692438298854945,state,nextval('covariable_id_seq'),"{05,23,26}",,
Población masculina de 45 a 49 años,3.3%:3.3%,9,P_45A49_M,0.032739987555754614,0.0334624589985309,state,nextval('covariable_id_seq'),"{28,08,03}",,
Población masculina de 45 a 49 años,3.4%:3.6%,10,P_45A49_M,0.033564862436169296,0.035602623493640254,state,nextval('covariable_id_seq'),"{19,09,02}",,
Población de 50 a 54 años,4.4%:5.1%,1,P_50A54,0.04398549161337617,0.05082528794925568,state,nextval('covariable_id_seq'),"{07,12,23,21}",,
Población de 50 a 54 años,5.1%:5.2%,2,P_50A54,0.05092702391105062,0.051992589823142005,state,nextval('covariable_id_seq'),"{20,16,11,01}",,
Población de 50 a 54 años,5.3%:5.3%,3,P_50A54,0.05257815737670949,0.05272011092258255,state,nextval('covariable_id_seq'),"{18,29,31}",,
Población de 50 a 54 años,5.3%:5.3%,4,P_50A54,0.05293372984476032,0.05314406049300368,state,nextval('covariable_id_seq'),"{10,22,32}",,
Población de 50 a 54 años,5.3%:5.4%,5,P_50A54,0.05326796316932935,0.05427661447785514,state,nextval('covariable_id_seq'),"{14,04,03}",,
Población de 50 a 54 años,5.4%:5.6%,6,P_50A54,0.05434741891902016,0.05568856778536421,state,nextval('covariable_id_seq'),"{27,24,13}",,
Población de 50 a 54 años,5.7%:5.7%,7,P_50A54,0.056633927286097396,0.05685406035065741,state,nextval('covariable_id_seq'),"{05,06,25}",,
Población de 50 a 54 años,5.8%:5.8%,8,P_50A54,0.057816985631457624,0.05796749568737181,state,nextval('covariable_id_seq'),"{19,17,26}",,
Población de 50 a 54 años,5.9%:5.9%,9,P_50A54,0.05873887641880383,0.05926625627971251,state,nextval('covariable_id_seq'),"{02,08,15}",,
Población de 50 a 54 años,6.0%:6.8%,10,P_50A54,0.05992343529205,0.06769671998005634,state,nextval('covariable_id_seq'),"{28,30,09}",,
Población femenina de 50 a 54 años,2.3%:2.7%,1,P_50A54_F,0.022852620968760215,0.026835845084269838,state,nextval('covariable_id_seq'),"{07,23,12,03}",,
Población femenina de 50 a 54 años,2.7%:2.8%,2,P_50A54_F,0.026926899865312888,0.027548048998092083,state,nextval('covariable_id_seq'),"{18,16,20,11}",,
Población femenina de 50 a 54 años,2.8%:2.8%,3,P_50A54_F,0.027578662180147945,0.027778902821235574,state,nextval('covariable_id_seq'),"{21,01,31}",,
Población femenina de 50 a 54 años,2.8%:2.8%,4,P_50A54_F,0.027844378359206612,0.02789035211554134,state,nextval('covariable_id_seq'),"{10,04,32}",,
Población femenina de 50 a 54 años,2.8%:2.8%,5,P_50A54_F,0.028104666530349057,0.028224163562338003,state,nextval('covariable_id_seq'),"{14,27,22}",,
Población femenina de 50 a 54 años,2.8%:2.9%,6,P_50A54_F,0.028475543512658817,0.028813590800791718,state,nextval('covariable_id_seq'),"{29,24,02}",,
Población femenina de 50 a 54 años,2.9%:2.9%,7,P_50A54_F,0.02916990146407222,0.029380016257402185,state,nextval('covariable_id_seq'),"{05,25,19}",,
Población femenina de 50 a 54 años,2.9%:3.0%,8,P_50A54_F,0.029401510272890972,0.029759562689091003,state,nextval('covariable_id_seq'),"{06,26,13}",,
Población femenina de 50 a 54 años,3.0%:3.1%,9,P_50A54_F,0.030018688521698648,0.031293621165395226,state,nextval('covariable_id_seq'),"{08,28,17}",,
Población femenina de 50 a 54 años,3.1%:3.7%,10,P_50A54_F,0.03140900841775432,0.03660054827694935,state,nextval('covariable_id_seq'),"{15,30,09}",,
Población masculina de 50 a 54 años,2.1%:2.3%,1,P_50A54_M,0.02113287064461596,0.023441077134700887,state,nextval('covariable_id_seq'),"{07,12,21,20}",,
Población masculina de 50 a 54 años,2.4%:2.4%,2,P_50A54_M,0.023840949990797763,0.024278079442651444,state,nextval('covariable_id_seq'),"{16,11,29,01}",,
Población masculina de 50 a 54 años,2.5%:2.5%,3,P_50A54_M,0.02491442777121235,0.025089351485553708,state,nextval('covariable_id_seq'),"{22,31,10}",,
Población masculina de 50 a 54 años,2.5%:2.6%,4,P_50A54_M,0.025163296638980297,0.025627763410361225,state,nextval('covariable_id_seq'),"{14,32,23}",,
Población masculina de 50 a 54 años,2.6%:2.6%,5,P_50A54_M,0.025651257511396602,0.02592900509627321,state,nextval('covariable_id_seq'),"{18,24,13}",,
Población masculina de 50 a 54 años,2.6%:2.7%,6,P_50A54_M,0.02615585295584197,0.026673835416328517,state,nextval('covariable_id_seq'),"{27,04,17}",,
Población masculina de 50 a 54 años,2.7%:2.7%,7,P_50A54_M,0.027395743179776617,0.02746402582202518,state,nextval('covariable_id_seq'),"{06,03,05}",,
Población masculina de 50 a 54 años,2.8%:2.8%,8,P_50A54_M,0.027510263655443793,0.028238110907192353,state,nextval('covariable_id_seq'),"{25,15,30}",,
Población masculina de 50 a 54 años,2.8%:2.9%,9,P_50A54_M,0.02843696937405544,0.028756752307469876,state,nextval('covariable_id_seq'),"{19,26,08}",,
Población masculina de 50 a 54 años,2.9%:3.1%,10,P_50A54_M,0.02906709262458773,0.031096171703106988,state,nextval('covariable_id_seq'),"{28,02,09}",,
Población de 55 a 59 años,3.5%:4.1%,1,P_55A59,0.03541866739011384,0.040873254934699704,state,nextval('covariable_id_seq'),"{07,23,11,21}",,
Población de 55 a 59 años,4.1%:4.2%,2,P_55A59,0.0412911833345375,0.04207434437121631,state,nextval('covariable_id_seq'),"{01,22,29,12}",,
Población de 55 a 59 años,4.2%:4.3%,3,P_55A59,0.042245759580786205,0.04277354350681965,state,nextval('covariable_id_seq'),"{03,16,14}",,
Población de 55 a 59 años,4.3%:4.4%,4,P_55A59,0.04278365958999789,0.04365099718986168,state,nextval('covariable_id_seq'),"{32,20,10}",,
Población de 55 a 59 años,4.4%:4.4%,5,P_55A59,0.043953712071678856,0.04438819977374492,state,nextval('covariable_id_seq'),"{04,18,27}",,
Población de 55 a 59 años,4.4%:4.5%,6,P_55A59,0.044458222636238214,0.04474717565839396,state,nextval('covariable_id_seq'),"{31,24,02}",,
Población de 55 a 59 años,4.5%:4.5%,7,P_55A59,0.04495593524837832,0.04534615959759196,state,nextval('covariable_id_seq'),"{19,05,13}",,
Población de 55 a 59 años,4.6%:4.7%,8,P_55A59,0.04640435033936249,0.04736957385718859,state,nextval('covariable_id_seq'),"{08,15,25}",,
Población de 55 a 59 años,4.8%:4.8%,9,P_55A59,0.04755005690620186,0.04769834693905271,state,nextval('covariable_id_seq'),"{28,06,26}",,
Población de 55 a 59 años,4.9%:5.7%,10,P_55A59,0.04875628956338257,0.05716071672097029,state,nextval('covariable_id_seq'),"{17,30,09}",,
Población femenina de 55 a 59 años,1.8%:2.2%,1,P_55A59_F,0.01801467719061241,0.021708356210719947,state,nextval('covariable_id_seq'),"{23,07,03,11}",,
Población femenina de 55 a 59 años,2.2%:2.2%,2,P_55A59_F,0.021858442612879978,0.022253795416315118,state,nextval('covariable_id_seq'),"{22,01,21,02}",,
Población femenina de 55 a 59 años,2.2%:2.3%,3,P_55A59_F,0.02243448696440818,0.022512028039771963,state,nextval('covariable_id_seq'),"{29,32,12}",,
Población femenina de 55 a 59 años,2.3%:2.3%,4,P_55A59_F,0.022564449466426387,0.022782166446332436,state,nextval('covariable_id_seq'),"{04,14,16}",,
Población femenina de 55 a 59 años,2.3%:2.3%,5,P_55A59_F,0.02278408622665964,0.02293182004201566,state,nextval('covariable_id_seq'),"{27,18,10}",,
Población femenina de 55 a 59 años,2.3%:2.3%,6,P_55A59_F,0.02300550338304023,0.023329512882888027,state,nextval('covariable_id_seq'),"{19,05,20}",,
Población femenina de 55 a 59 años,2.3%:2.4%,7,P_55A59_F,0.023420675962493826,0.023948192734700224,state,nextval('covariable_id_seq'),"{31,24,08}",,
Población femenina de 55 a 59 años,2.4%:2.5%,8,P_55A59_F,0.024182564069960145,0.02453925819257966,state,nextval('covariable_id_seq'),"{13,26,28}",,
Población femenina de 55 a 59 años,2.5%:2.5%,9,P_55A59_F,0.024577824993744796,0.024818951605357166,state,nextval('covariable_id_seq'),"{06,25,15}",,
Población femenina de 55 a 59 años,2.6%:3.1%,10,P_55A59_F,0.02625740545366012,0.03113982017697393,state,nextval('covariable_id_seq'),"{17,30,09}",,
Población masculina de 55 a 59 años,1.7%:1.9%,1,P_55A59_M,0.017119037603619738,0.018961448265864368,state,nextval('covariable_id_seq'),"{07,23,21,11}",,
Población masculina de 55 a 59 años,1.9%:2.0%,2,P_55A59_M,0.01936578594240909,0.01956231633144434,state,nextval('covariable_id_seq'),"{01,22,29,12}",,
Población masculina de 55 a 59 años,2.0%:2.0%,3,P_55A59_M,0.01983850392284778,0.020088099458199463,state,nextval('covariable_id_seq'),"{16,14,20}",,
Población masculina de 55 a 59 años,2.0%:2.1%,4,P_55A59_M,0.02030961607458798,0.0210094410320825,state,nextval('covariable_id_seq'),"{32,10,24}",,
Población masculina de 55 a 59 años,2.1%:2.1%,5,P_55A59_M,0.021037546673744387,0.02117235082604105,state,nextval('covariable_id_seq'),"{31,13,03}",,
Población masculina de 55 a 59 años,2.1%:2.2%,6,P_55A59_M,0.021256928615830915,0.02160411354708528,state,nextval('covariable_id_seq'),"{18,04,27}",,
Población masculina de 55 a 59 años,2.2%:2.2%,7,P_55A59_M,0.021950431865338092,0.022008462833247158,state,nextval('covariable_id_seq'),"{19,05,15}",,
Población masculina de 55 a 59 años,2.2%:2.2%,8,P_55A59_M,0.02245615760466227,0.022498884109722447,state,nextval('covariable_id_seq'),"{08,02,17}",,
Población masculina de 55 a 59 años,2.3%:2.3%,9,P_55A59_M,0.02267667412303436,0.023028721983179994,state,nextval('covariable_id_seq'),"{25,28,06}",,
Población masculina de 55 a 59 años,2.3%:2.6%,10,P_55A59_M,0.023365276211950396,0.02602089654399636,state,nextval('covariable_id_seq'),"{26,30,09}",,
Población de 60 a 64 años,2.7%:3.4%,1,P_60A64,0.026545424209560357,0.033934625591930334,state,nextval('covariable_id_seq'),"{23,07,01,03}",,
Población de 60 a 64 años,3.4%:3.5%,2,P_60A64,0.03408491653039709,0.034840394101540294,state,nextval('covariable_id_seq'),"{22,29,11,21}",,
Población de 60 a 64 años,3.5%:3.6%,3,P_60A64,0.03530730974844969,0.03555884553544423,state,nextval('covariable_id_seq'),"{04,27,02}",,
Población de 60 a 64 años,3.6%:3.6%,4,P_60A64,0.035779323337471906,0.03630589583390173,state,nextval('covariable_id_seq'),"{32,12,10}",,
Población de 60 a 64 años,3.7%:3.8%,5,P_60A64,0.037387683560414976,0.03755556715755815,state,nextval('covariable_id_seq'),"{31,14,19}",,
Población de 60 a 64 años,3.8%:3.8%,6,P_60A64,0.03764455677096125,0.037699520927130394,state,nextval('covariable_id_seq'),"{08,16,20}",,
Población de 60 a 64 años,3.8%:3.9%,7,P_60A64,0.03780065343172414,0.038577727492270925,state,nextval('covariable_id_seq'),"{05,24,13}",,
Población de 60 a 64 años,3.9%:4.0%,8,P_60A64,0.03860760723166183,0.03965717379565075,state,nextval('covariable_id_seq'),"{18,15,28}",,
Población de 60 a 64 años,4.1%:4.1%,9,P_60A64,0.04073744413043092,0.041293584710884124,state,nextval('covariable_id_seq'),"{06,25,26}",,
Población de 60 a 64 años,4.3%:5.1%,10,P_60A64,0.0428476505437429,0.05097902875413792,state,nextval('covariable_id_seq'),"{17,30,09}",,
Población femenina de 60 a 64 años,1.4%:1.8%,1,P_60A64_F,0.013534016690123978,0.01805112870719751,state,nextval('covariable_id_seq'),"{23,07,03,04}",,
Población femenina de 60 a 64 años,1.8%:1.8%,2,P_60A64_F,0.0180929144201402,0.018236836100630933,state,nextval('covariable_id_seq'),"{27,22,01,02}",,
Población femenina de 60 a 64 años,1.8%:1.9%,3,P_60A64_F,0.018482073780861474,0.01869816254843916,state,nextval('covariable_id_seq'),"{29,11,32}",,
Población femenina de 60 a 64 años,1.9%:1.9%,4,P_60A64_F,0.018986741863248065,0.019055634714751524,state,nextval('covariable_id_seq'),"{21,10,12}",,
Población femenina de 60 a 64 años,2.0%:2.0%,5,P_60A64_F,0.019589286923007744,0.019772519085285094,state,nextval('covariable_id_seq'),"{05,19,31}",,
Población femenina de 60 a 64 años,2.0%:2.0%,6,P_60A64_F,0.019864671905937915,0.020126612467838687,state,nextval('covariable_id_seq'),"{08,24,14}",,
Población femenina de 60 a 64 años,2.0%:2.0%,7,P_60A64_F,0.020132470077993684,0.02024249857459123,state,nextval('covariable_id_seq'),"{16,18,20}",,
Población femenina de 60 a 64 años,2.1%:2.1%,8,P_60A64_F,0.020505760757690714,0.020838646977728536,state,nextval('covariable_id_seq'),"{13,28,15}",,
Población femenina de 60 a 64 años,2.1%:2.1%,9,P_60A64_F,0.02094912297252769,0.02137139681850633,state,nextval('covariable_id_seq'),"{06,26,25}",,
Población femenina de 60 a 64 años,2.3%:2.8%,10,P_60A64_F,0.02292703116459386,0.028279107885998005,state,nextval('covariable_id_seq'),"{30,17,09}",,
Población masculina de 60 a 64 años,1.3%:1.6%,1,P_60A64_M,0.013011407519436378,0.01585365223829223,state,nextval('covariable_id_seq'),"{23,07,01,21}",,
Población masculina de 60 a 64 años,1.6%:1.7%,2,P_60A64_M,0.015946601747037218,0.016746759454738278,state,nextval('covariable_id_seq'),"{22,11,29,12}",,
Población masculina de 60 a 64 años,1.7%:1.7%,3,P_60A64_M,0.01680136565107014,0.017238006524603784,state,nextval('covariable_id_seq'),"{03,32,27}",,
Población masculina de 60 a 64 años,1.7%:1.7%,4,P_60A64_M,0.01725618104125218,0.017322009434813292,state,nextval('covariable_id_seq'),"{04,10,02}",,
Población masculina de 60 a 64 años,1.7%:1.8%,5,P_60A64_M,0.01736803754508034,0.017528047866787005,state,nextval('covariable_id_seq'),"{14,20,16}",,
Población masculina de 60 a 64 años,1.8%:1.8%,6,P_60A64_M,0.017615164475129886,0.017926880414740092,state,nextval('covariable_id_seq'),"{31,08,19}",,
Población masculina de 60 a 64 años,1.8%:1.8%,7,P_60A64_M,0.018066940208274068,0.01808164039039704,state,nextval('covariable_id_seq'),"{15,13,24}",,
Población masculina de 60 a 64 años,1.8%:1.9%,8,P_60A64_M,0.018211366508716395,0.01892857598430721,state,nextval('covariable_id_seq'),"{05,18,28}",,
Población masculina de 60 a 64 años,1.9%:2.0%,9,P_60A64_M,0.01947112978341515,0.01984407969485473,state,nextval('covariable_id_seq'),"{25,06,17}",,
Población masculina de 60 a 64 años,2.0%:2.3%,10,P_60A64_M,0.019981051602124395,0.022699920868139916,state,nextval('covariable_id_seq'),"{26,30,09}",,
Población de 65 a 69 años,1.8%:2.4%,1,P_65A69,0.01840919060164641,0.02441790407043881,state,nextval('covariable_id_seq'),"{23,07,03,22}",,
Población de 65 a 69 años,2.5%:2.6%,2,P_65A69,0.025126956078768487,0.02623102501178057,state,nextval('covariable_id_seq'),"{02,01,29,11}",,
Población de 65 a 69 años,2.7%:2.7%,3,P_65A69,0.026693672440660655,0.02697455004957134,state,nextval('covariable_id_seq'),"{19,05,27}",,
Población de 65 a 69 años,2.7%:2.7%,4,P_65A69,0.026976893098074786,0.027133931738193326,state,nextval('covariable_id_seq'),"{08,21,10}",,
Población de 65 a 69 años,2.8%:2.8%,5,P_65A69,0.027567938116239185,0.02797706600673312,state,nextval('covariable_id_seq'),"{32,04,15}",,
Población de 65 a 69 años,2.8%:2.9%,6,P_65A69,0.028441195271186753,0.02913840173903492,state,nextval('covariable_id_seq'),"{28,14,24}",,
Población de 65 a 69 años,2.9%:3.0%,7,P_65A69,0.029428203864506446,0.0297836215210334,state,nextval('covariable_id_seq'),"{12,16,26}",,
Población de 65 a 69 años,3.0%:3.1%,8,P_65A69,0.030170547232244542,0.030657506216328224,state,nextval('covariable_id_seq'),"{13,06,18}",,
Población de 65 a 69 años,3.1%:3.1%,9,P_65A69,0.030781569295194655,0.03140330029339832,state,nextval('covariable_id_seq'),"{20,31,25}",,
Población de 65 a 69 años,3.3%:3.9%,10,P_65A69,0.033299180327868855,0.038675153725147515,state,nextval('covariable_id_seq'),"{17,30,09}",,
Población femenina de 65 a 69 años,0.9%:1.3%,1,P_65A69_F,0.009400506462646362,0.013129589730403674,state,nextval('covariable_id_seq'),"{23,07,03,22}",,
Población femenina de 65 a 69 años,1.3%:1.4%,2,P_65A69_F,0.013192288711654489,0.013829612777501688,state,nextval('covariable_id_seq'),"{02,01,29,27}",,
Población femenina de 65 a 69 años,1.4%:1.4%,3,P_65A69_F,0.013916487726625166,0.014114066663647073,state,nextval('covariable_id_seq'),"{05,11,19}",,
Población femenina de 65 a 69 años,1.4%:1.4%,4,P_65A69_F,0.014170190707445502,0.014309510041685725,state,nextval('covariable_id_seq'),"{10,04,32}",,
Población femenina de 65 a 69 años,1.4%:1.5%,5,P_65A69_F,0.014348711833578354,0.014957082623555988,state,nextval('covariable_id_seq'),"{08,21,15}",,
Población femenina de 65 a 69 años,1.5%:1.5%,6,P_65A69_F,0.014970795708861352,0.015399817986715747,state,nextval('covariable_id_seq'),"{28,24,26}",,
Población femenina de 65 a 69 años,1.5%:1.6%,7,P_65A69_F,0.015448929948679654,0.01563228475963531,state,nextval('covariable_id_seq'),"{14,16,18}",,
Población femenina de 65 a 69 años,1.6%:1.6%,8,P_65A69_F,0.015681078930421623,0.01586004597707115,state,nextval('covariable_id_seq'),"{06,12,13}",,
Población femenina de 65 a 69 años,1.6%:1.7%,9,P_65A69_F,0.01639365452510192,0.016534257727457972,state,nextval('covariable_id_seq'),"{31,25,20}",,
Población femenina de 65 a 69 años,1.8%:2.2%,10,P_65A69_F,0.017698019801980196,0.021601760010701476,state,nextval('covariable_id_seq'),"{17,30,09}",,
Población masculina de 65 a 69 años,0.9%:1.2%,1,P_65A69_M,0.009008684139000045,0.011712905450099502,state,nextval('covariable_id_seq'),"{23,07,22,01}",,
Población masculina de 65 a 69 años,1.2%:1.2%,2,P_65A69_M,0.011853516478688764,0.01228749568224219,state,nextval('covariable_id_seq'),"{29,02,03,21}",,
Población masculina de 65 a 69 años,1.2%:1.3%,3,P_65A69_M,0.01230725024785412,0.012628181264496432,state,nextval('covariable_id_seq'),"{11,19,08}",,
Población masculina de 65 a 69 años,1.3%:1.3%,4,P_65A69_M,0.012911648162513256,0.013019983383177133,state,nextval('covariable_id_seq'),"{05,10,15}",,
Población masculina de 65 a 69 años,1.3%:1.3%,5,P_65A69_M,0.01314493727206965,0.013366193304361649,state,nextval('covariable_id_seq'),"{27,32,14}",,
Población masculina de 65 a 69 años,1.3%:1.4%,6,P_65A69_M,0.0134703995623254,0.013746210126006691,state,nextval('covariable_id_seq'),"{28,04,12}",,
Población masculina de 65 a 69 años,1.4%:1.4%,7,P_65A69_M,0.013895626015367145,0.014247311567736683,state,nextval('covariable_id_seq'),"{24,16,20}",,
Población masculina de 65 a 69 años,1.4%:1.4%,8,P_65A69_M,0.014310501255173394,0.014495666476617841,state,nextval('covariable_id_seq'),"{13,26,06}",,
Población masculina de 65 a 69 años,1.5%:1.5%,9,P_65A69_M,0.014765836327145785,0.015025221456692913,state,nextval('covariable_id_seq'),"{31,25,18}",,
Población masculina de 65 a 69 años,1.6%:1.7%,10,P_65A69_M,0.015601160525888655,0.017073393714446036,state,nextval('covariable_id_seq'),"{17,30,09}",,
Población de 70 a 74 años,1.2%:1.7%,1,P_70A74,0.011667478478028617,0.01730190878741397,state,nextval('covariable_id_seq'),"{23,07,03,22}",,
Población de 70 a 74 años,1.7%:1.8%,2,P_70A74,0.0173586237271227,0.01823932948963385,state,nextval('covariable_id_seq'),"{02,27,01,29}",,
Población de 70 a 74 años,1.9%:1.9%,3,P_70A74,0.018913937759260115,0.01947368526362758,state,nextval('covariable_id_seq'),"{04,11,15}",,
Población de 70 a 74 años,2.0%:2.0%,4,P_70A74,0.01950001200010086,0.019781023868018898,state,nextval('covariable_id_seq'),"{21,05,08}",,
Población de 70 a 74 años,2.0%:2.1%,5,P_70A74,0.020023020370849947,0.020867780601434065,state,nextval('covariable_id_seq'),"{19,10,28}",,
Población de 70 a 74 años,2.1%:2.2%,6,P_70A74,0.02101370532864264,0.021638109704599732,state,nextval('covariable_id_seq'),"{26,13,32}",,
Población de 70 a 74 años,2.2%:2.2%,7,P_70A74,0.021731758325885576,0.021993707879916488,state,nextval('covariable_id_seq'),"{14,12,06}",,
Población de 70 a 74 años,2.2%:2.2%,8,P_70A74,0.022378204662583643,0.022480768234562784,state,nextval('covariable_id_seq'),"{24,16,18}",,
Población de 70 a 74 años,2.3%:2.3%,9,P_70A74,0.02267392165043459,0.023349299937263437,state,nextval('covariable_id_seq'),"{20,31,25}",,
Población de 70 a 74 años,2.4%:2.9%,10,P_70A74,0.02426858464534978,0.02907118653490184,state,nextval('covariable_id_seq'),"{17,30,09}",,
Población femenina de 70 a 74 años,0.6%:0.9%,1,P_70A74_F,0.005906398598481689,0.0089586356102852,state,nextval('covariable_id_seq'),"{23,07,03,27}",,
Población femenina de 70 a 74 años,0.9%:1.0%,2,P_70A74_F,0.009183554345691984,0.009682892971204546,state,nextval('covariable_id_seq'),"{02,22,04,01}",,
Población femenina de 70 a 74 años,1.0%:1.0%,3,P_70A74_F,0.009806571519839878,0.010240974001603549,state,nextval('covariable_id_seq'),"{29,11,05}",,
Población femenina de 70 a 74 años,1.0%:1.1%,4,P_70A74_F,0.010475540883420184,0.010644680505918299,state,nextval('covariable_id_seq'),"{10,15,08}",,
Población femenina de 70 a 74 años,1.1%:1.1%,5,P_70A74_F,0.01068920376748483,0.011034894934869127,state,nextval('covariable_id_seq'),"{21,19,26}",,
Población femenina de 70 a 74 años,1.1%:1.1%,6,P_70A74_F,0.011108795922418438,0.011282450181504658,state,nextval('covariable_id_seq'),"{32,28,13}",,
Población femenina de 70 a 74 años,1.1%:1.2%,7,P_70A74_F,0.011452150764775612,0.011522629095782314,state,nextval('covariable_id_seq'),"{06,18,12}",,
Población femenina de 70 a 74 años,1.2%:1.2%,8,P_70A74_F,0.01161406879199957,0.011753802923910357,state,nextval('covariable_id_seq'),"{14,24,16}",,
Población femenina de 70 a 74 años,1.2%:1.2%,9,P_70A74_F,0.011997942175830218,0.012091532055483007,state,nextval('covariable_id_seq'),"{31,25,20}",,
Población femenina de 70 a 74 años,1.3%:1.7%,10,P_70A74_F,0.012875344911540335,0.016570567638630594,state,nextval('covariable_id_seq'),"{17,30,09}",,
Población masculina de 70 a 74 años,0.6%:0.8%,1,P_70A74_M,0.005761079879546929,0.007937201573845023,state,nextval('covariable_id_seq'),"{23,03,07,22}",,
Población masculina de 70 a 74 años,0.8%:0.8%,2,P_70A74_M,0.008175069381430717,0.008457927626677455,state,nextval('covariable_id_seq'),"{02,01,29,27}",,
Población masculina de 70 a 74 años,0.9%:0.9%,3,P_70A74_M,0.00881080823261603,0.008982259255571732,state,nextval('covariable_id_seq'),"{21,15,11}",,
Población masculina de 70 a 74 años,0.9%:0.9%,4,P_70A74_M,0.009136343362100598,0.009336864997851056,state,nextval('covariable_id_seq'),"{08,19,04}",,
Población masculina de 70 a 74 años,0.9%:1.0%,5,P_70A74_M,0.009361342150413869,0.009689793468474614,state,nextval('covariable_id_seq'),"{05,28,10}",,
Población masculina de 70 a 74 años,1.0%:1.0%,6,P_70A74_M,0.009978810393773515,0.010184437017672984,state,nextval('covariable_id_seq'),"{26,14,13}",,
Población masculina de 70 a 74 años,1.0%:1.1%,7,P_70A74_M,0.010349974651797603,0.010541557115140876,state,nextval('covariable_id_seq'),"{12,32,06}",,
Población masculina de 70 a 74 años,1.1%:1.1%,8,P_70A74_M,0.010582389594951584,0.0106850727521078,state,nextval('covariable_id_seq'),"{20,16,24}",,
Población masculina de 70 a 74 años,1.1%:1.1%,9,P_70A74_M,0.010934560674359666,0.011267803853590901,state,nextval('covariable_id_seq'),"{31,18,25}",,
Población masculina de 70 a 74 años,1.1%:1.3%,10,P_70A74_M,0.011393239733809447,0.012500618896271248,state,nextval('covariable_id_seq'),"{17,30,09}",,
Población de 75 a 79 años,0.7%:1.1%,1,P_75A79,0.006828903354978646,0.011392489088766822,state,nextval('covariable_id_seq'),"{23,03,02,07}",,
Población de 75 a 79 años,1.2%:1.3%,2,P_75A79,0.011575842095330018,0.012509226173696998,state,nextval('covariable_id_seq'),"{22,01,27,15}",,
Población de 75 a 79 años,1.3%:1.3%,3,P_75A79,0.012648203507659122,0.012931718115797962,state,nextval('covariable_id_seq'),"{05,04,29}",,
Población de 75 a 79 años,1.3%:1.3%,4,P_75A79,0.013152402798538139,0.013433126600637274,state,nextval('covariable_id_seq'),"{11,19,08}",,
Población de 75 a 79 años,1.4%:1.4%,5,P_75A79,0.013897939597872062,0.014098898412137842,state,nextval('covariable_id_seq'),"{21,10,26}",,
Población de 75 a 79 años,1.4%:1.5%,6,P_75A79,0.014454883941112356,0.014770485280786885,state,nextval('covariable_id_seq'),"{28,14,06}",,
Población de 75 a 79 años,1.5%:1.6%,7,P_75A79,0.015330988526492284,0.015780254824014087,state,nextval('covariable_id_seq'),"{13,31,16}",,
Población de 75 a 79 años,1.6%:1.6%,8,P_75A79,0.016115507148777457,0.01624830933003234,state,nextval('covariable_id_seq'),"{18,25,32}",,
Población de 75 a 79 años,1.6%:1.7%,9,P_75A79,0.016293708399843388,0.016834219282583995,state,nextval('covariable_id_seq'),"{24,12,17}",,
Población de 75 a 79 años,1.8%:1.9%,10,P_75A79,0.017694913154127103,0.01902454564327427,state,nextval('covariable_id_seq'),"{20,30,09}",,
Población femenina de 75 a 79 años,0.3%:0.6%,1,P_75A79_F,0.0034553562057820703,0.0058479392521132816,state,nextval('covariable_id_seq'),"{23,03,07,02}",,
Población femenina de 75 a 79 años,0.6%:0.6%,2,P_75A79_F,0.006202270331164199,0.006389741943614728,state,nextval('covariable_id_seq'),"{01,22,27,04}",,
Población femenina de 75 a 79 años,0.7%:0.7%,3,P_75A79_F,0.006662385028970967,0.006796095539983187,state,nextval('covariable_id_seq'),"{05,15,29}",,
Población femenina de 75 a 79 años,0.7%:0.7%,4,P_75A79_F,0.006951266220783294,0.007160058248965958,state,nextval('covariable_id_seq'),"{11,10,08}",,
Población femenina de 75 a 79 años,0.7%:0.8%,5,P_75A79_F,0.007226971936100318,0.00754867104199458,state,nextval('covariable_id_seq'),"{19,26,21}",,
Población femenina de 75 a 79 años,0.8%:0.8%,6,P_75A79_F,0.007665529768208553,0.007796103588914821,state,nextval('covariable_id_seq'),"{14,28,06}",,
Población femenina de 75 a 79 años,0.8%:0.8%,7,P_75A79_F,0.00794907833088744,0.008189688665561542,state,nextval('covariable_id_seq'),"{31,13,18}",,
Población femenina de 75 a 79 años,0.8%:0.8%,8,P_75A79_F,0.008224947569195716,0.008307721684881413,state,nextval('covariable_id_seq'),"{32,16,25}",,
Población femenina de 75 a 79 años,0.8%:0.9%,9,P_75A79_F,0.008395768631821008,0.008917484986203539,state,nextval('covariable_id_seq'),"{24,12,17}",,
Población femenina de 75 a 79 años,0.9%:1.1%,10,P_75A79_F,0.009394629621204274,0.010966950504802201,state,nextval('covariable_id_seq'),"{20,30,09}",,
Población masculina de 75 a 79 años,0.3%:0.5%,1,P_75A79_M,0.003373547149196576,0.005284430815375515,state,nextval('covariable_id_seq'),"{23,03,02,22}",,
Población masculina de 75 a 79 años,0.5%:0.6%,2,P_75A79_M,0.00542856481484729,0.005980609323740385,state,nextval('covariable_id_seq'),"{01,15,07,27}",,
Población masculina de 75 a 79 años,0.6%:0.6%,3,P_75A79_M,0.005985818478688154,0.006141128219454875,state,nextval('covariable_id_seq'),"{05,29,19}",,
Población masculina de 75 a 79 años,0.6%:0.6%,4,P_75A79_M,0.006201136577754845,0.006349268555877482,state,nextval('covariable_id_seq'),"{11,08,21}",,
Población masculina de 75 a 79 años,0.6%:0.7%,5,P_75A79_M,0.006445754516282962,0.006681857078822619,state,nextval('covariable_id_seq'),"{04,28,26}",,
Población masculina de 75 a 79 años,0.7%:0.7%,6,P_75A79_M,0.006814922250448033,0.006974381691872063,state,nextval('covariable_id_seq'),"{14,10,06}",,
Población masculina de 75 a 79 años,0.7%:0.8%,7,P_75A79_M,0.007349065358868654,0.007516352393823678,state,nextval('covariable_id_seq'),"{13,31,16}",,
Población masculina de 75 a 79 años,0.8%:0.8%,8,P_75A79_M,0.0077589505985423725,0.00789793976802238,state,nextval('covariable_id_seq'),"{12,25,24}",,
Población masculina de 75 a 79 años,0.8%:0.8%,9,P_75A79_M,0.007916734296380458,0.008023361760836624,state,nextval('covariable_id_seq'),"{17,18,32}",,
Población masculina de 75 a 79 años,0.8%:0.9%,10,P_75A79_M,0.00805759513847207,0.008553590606678086,state,nextval('covariable_id_seq'),"{09,20,30}",,
Población de 80 a 84 años,0.4%:0.7%,1,P_80A84,0.003994111900795755,0.006898662801226878,state,nextval('covariable_id_seq'),"{23,03,02,07}",,
Población de 80 a 84 años,0.7%:0.8%,2,P_80A84,0.007145026644790605,0.00777241968901997,state,nextval('covariable_id_seq'),"{01,22,15,27}",,
Población de 80 a 84 años,0.8%:0.8%,3,P_80A84,0.007897301710229312,0.008388054204997556,state,nextval('covariable_id_seq'),"{05,04,08}",,
Población de 80 a 84 años,0.9%:0.9%,4,P_80A84,0.00863082539760547,0.008815725934475705,state,nextval('covariable_id_seq'),"{29,19,11}",,
Población de 80 a 84 años,0.9%:0.9%,5,P_80A84,0.008877901685660342,0.00916777325824612,state,nextval('covariable_id_seq'),"{26,14,21}",,
Población de 80 a 84 años,0.9%:1.0%,6,P_80A84,0.009290371865877282,0.009553438679492649,state,nextval('covariable_id_seq'),"{10,06,28}",,
Población de 80 a 84 años,1.0%:1.0%,7,P_80A84,0.009684182587946562,0.01022714996615397,state,nextval('covariable_id_seq'),"{31,13,25}",,
Población de 80 a 84 años,1.1%:1.1%,8,P_80A84,0.010553997876087857,0.011074128311329588,state,nextval('covariable_id_seq'),"{18,16,12}",,
Población de 80 a 84 años,1.1%:1.1%,9,P_80A84,0.011132221796172705,0.011427741291981057,state,nextval('covariable_id_seq'),"{32,17,24}",,
Población de 80 a 84 años,1.2%:1.3%,10,P_80A84,0.011811605194814214,0.012755777885294417,state,nextval('covariable_id_seq'),"{30,20,09}",,
Población femenina de 80 a 84 años,0.2%:0.4%,1,P_80A84_F,0.002072675505991706,0.0037526996407554218,state,nextval('covariable_id_seq'),"{23,03,07,02}",,
Población femenina de 80 a 84 años,0.4%:0.4%,2,P_80A84_F,0.004046453047908972,0.004113631306663762,state,nextval('covariable_id_seq'),"{27,01,04,22}",,
Población femenina de 80 a 84 años,0.4%:0.5%,3,P_80A84_F,0.004338415474147944,0.004573650226664803,state,nextval('covariable_id_seq'),"{05,15,08}",,
Población femenina de 80 a 84 años,0.5%:0.5%,4,P_80A84_F,0.004658307625521509,0.004857649312016952,state,nextval('covariable_id_seq'),"{29,11,26}",,
Población femenina de 80 a 84 años,0.5%:0.5%,5,P_80A84_F,0.004889149204020025,0.005093942359212238,state,nextval('covariable_id_seq'),"{19,10,14}",,
Población femenina de 80 a 84 años,0.5%:0.5%,6,P_80A84_F,0.005135420042084193,0.005202879173566725,state,nextval('covariable_id_seq'),"{06,31,21}",,
Población femenina de 80 a 84 años,0.5%:0.5%,7,P_80A84_F,0.0053402040520416074,0.005418242333195193,state,nextval('covariable_id_seq'),"{13,28,18}",,
Población femenina de 80 a 84 años,0.5%:0.6%,8,P_80A84_F,0.005453026370169508,0.005828995086385198,state,nextval('covariable_id_seq'),"{25,32,16}",,
Población femenina de 80 a 84 años,0.6%:0.6%,9,P_80A84_F,0.006019456687053494,0.006169351566304171,state,nextval('covariable_id_seq'),"{12,24,17}",,
Población femenina de 80 a 84 años,0.6%:0.8%,10,P_80A84_F,0.006468153676385683,0.007750970038471461,state,nextval('covariable_id_seq'),"{30,20,09}",,
Población masculina de 80 a 84 años,0.2%:0.3%,1,P_80A84_M,0.0019214363948040485,0.0030843002314101995,state,nextval('covariable_id_seq'),"{23,03,02,01}",,
Población masculina de 80 a 84 años,0.3%:0.4%,2,P_80A84_M,0.0031995379289641783,0.0035588862360813674,state,nextval('covariable_id_seq'),"{22,15,07,05}",,
Población masculina de 80 a 84 años,0.4%:0.4%,3,P_80A84_M,0.0037259666411109975,0.0038152340364031655,state,nextval('covariable_id_seq'),"{27,08,19}",,
Población masculina de 80 a 84 años,0.4%:0.4%,4,P_80A84_M,0.0039648940846793955,0.003972517772083959,state,nextval('covariable_id_seq'),"{21,11,29}",,
Población masculina de 80 a 84 años,0.4%:0.4%,5,P_80A84_M,0.004004898945778753,0.004069164537153197,state,nextval('covariable_id_seq'),"{04,26,14}",,
Población masculina de 80 a 84 años,0.4%:0.4%,6,P_80A84_M,0.004190507506941422,0.004390106398610892,state,nextval('covariable_id_seq'),"{28,06,13}",,
Población masculina de 80 a 84 años,0.4%:0.5%,7,P_80A84_M,0.0043969115761329225,0.004774123595984464,state,nextval('covariable_id_seq'),"{10,31,25}",,
Población masculina de 80 a 84 años,0.5%:0.5%,8,P_80A84_M,0.004942885071446831,0.0050048078468229555,state,nextval('covariable_id_seq'),"{16,17,09}",,
Población masculina de 80 a 84 años,0.5%:0.5%,9,P_80A84_M,0.005054671624276094,0.005287261427475547,state,nextval('covariable_id_seq'),"{12,18,24}",,
Población masculina de 80 a 84 años,0.5%:0.6%,10,P_80A84_M,0.005326920397648042,0.005607253176798121,state,nextval('covariable_id_seq'),"{32,30,20}",,
Población de 85 años y más,0.3%:0.6%,1,P_85YMAS,0.0030893683210574895,0.005971881965937343,state,nextval('covariable_id_seq'),"{23,03,02,08}",,
Población de 85 años y más,0.6%:0.6%,2,P_85YMAS,0.005983593976174307,0.006492986434644076,state,nextval('covariable_id_seq'),"{05,01,15,07}",,
Población de 85 años y más,0.7%:0.7%,3,P_85YMAS,0.006638051642873637,0.006731358300537858,state,nextval('covariable_id_seq'),"{26,19,22}",,
Población de 85 años y más,0.7%:0.8%,4,P_85YMAS,0.007390390963904728,0.00757354612366068,state,nextval('covariable_id_seq'),"{10,27,04}",,
Población de 85 años y más,0.8%:0.8%,5,P_85YMAS,0.007847244761865615,0.00799230871602586,state,nextval('covariable_id_seq'),"{28,25,14}",,
Población de 85 años y más,0.8%:0.8%,6,P_85YMAS,0.008027927121312527,0.00834158432699296,state,nextval('covariable_id_seq'),"{31,06,11}",,
Población de 85 años y más,0.9%:0.9%,7,P_85YMAS,0.00880366893210343,0.008982918048072937,state,nextval('covariable_id_seq'),"{21,29,18}",,
Población de 85 años y más,0.9%:1.1%,8,P_85YMAS,0.009178546671722609,0.01061773744610796,state,nextval('covariable_id_seq'),"{13,17,16}",,
Población de 85 años y más,1.1%:1.1%,9,P_85YMAS,0.01068945698360628,0.010751398528932244,state,nextval('covariable_id_seq'),"{12,24,30}",,
Población de 85 años y más,1.1%:1.2%,10,P_85YMAS,0.010791930156373872,0.012119362617215065,state,nextval('covariable_id_seq'),"{32,09,20}",,
Población femenina de 85 años y más,0.2%:0.3%,1,P_85YMAS_F,0.001683544269733071,0.0033650033875509845,state,nextval('covariable_id_seq'),"{23,03,02,07}",,
Población femenina de 85 años y más,0.3%:0.4%,2,P_85YMAS_F,0.0034641859862061778,0.0038643865201505004,state,nextval('covariable_id_seq'),"{05,08,01,26}",,
Población femenina de 85 años y más,0.4%:0.4%,3,P_85YMAS_F,0.00392363229294383,0.004027921858315949,state,nextval('covariable_id_seq'),"{15,04,22}",,
Población femenina de 85 años y más,0.4%:0.4%,4,P_85YMAS_F,0.004033134132301783,0.004056421029656508,state,nextval('covariable_id_seq'),"{27,19,10}",,
Población femenina de 85 años y más,0.4%:0.5%,5,P_85YMAS_F,0.004462927711601285,0.004582543756829807,state,nextval('covariable_id_seq'),"{31,25,28}",,
Población femenina de 85 años y más,0.5%:0.5%,6,P_85YMAS_F,0.004671812955946772,0.004754226330296384,state,nextval('covariable_id_seq'),"{14,06,11}",,
Población femenina de 85 años y más,0.5%:0.5%,7,P_85YMAS_F,0.004921259842519685,0.005210474174112046,state,nextval('covariable_id_seq'),"{18,29,21}",,
Población femenina de 85 años y más,0.5%:0.6%,8,P_85YMAS_F,0.0053191196042870845,0.005880797145243286,state,nextval('covariable_id_seq'),"{13,32,16}",,
Población femenina de 85 años y más,0.6%:0.6%,9,P_85YMAS_F,0.00593461611371049,0.006120658172374615,state,nextval('covariable_id_seq'),"{24,12,17}",,
Población femenina de 85 años y más,0.6%:0.7%,10,P_85YMAS_F,0.006177551872670023,0.007470403728839176,state,nextval('covariable_id_seq'),"{30,20,09}",,
Población masculina de 85 años y más,0.1%:0.2%,1,P_85YMAS_M,0.0014058240513244186,0.002491522983956727,state,nextval('covariable_id_seq'),"{23,02,03,15}",,
Población masculina de 85 años y más,0.2%:0.3%,2,P_85YMAS_M,0.0024944753544284956,0.0026713034723141833,state,nextval('covariable_id_seq'),"{08,05,01,19}",,
Población masculina de 85 años y más,0.3%:0.3%,3,P_85YMAS_M,0.0027034364422219097,0.0031279830470930916,state,nextval('covariable_id_seq'),"{22,26,07}",,
Población masculina de 85 años y más,0.3%:0.3%,4,P_85YMAS_M,0.003264701005035809,0.0033339699342482196,state,nextval('covariable_id_seq'),"{28,14,10}",,
Población masculina de 85 años y más,0.3%:0.3%,5,P_85YMAS_M,0.003371350513069602,0.0034562923715444924,state,nextval('covariable_id_seq'),"{27,06,25}",,
Población masculina de 85 años y más,0.4%:0.4%,6,P_85YMAS_M,0.003564999409711241,0.0035931947579913837,state,nextval('covariable_id_seq'),"{31,11,21}",,
Población masculina de 85 años y más,0.4%:0.4%,7,P_85YMAS_M,0.0036365085639992116,0.0038594270674355245,state,nextval('covariable_id_seq'),"{04,29,13}",,
Población masculina de 85 años y más,0.4%:0.4%,8,P_85YMAS_M,0.003981348855107045,0.004423997727641617,state,nextval('covariable_id_seq'),"{09,18,17}",,
Población masculina de 85 años y más,0.5%:0.5%,9,P_85YMAS_M,0.004573846656262221,0.004736940300864673,state,nextval('covariable_id_seq'),"{30,12,16}",,
Población masculina de 85 años y más,0.5%:0.5%,10,P_85YMAS_M,0.004813526772031585,0.0053916268245958274,state,nextval('covariable_id_seq'),"{24,32,20}",,
